,Unnamed: 0,album,artist,track_number,id,name,uri,acousticness,danceability,energy,instrumentalness,liveness,loudness,speechiness,tempo,valence,popularity
0,0,ULTRA,Booba,1,1COYNecOxmnapvty8PVR4s,GP,spotify:track:1COYNecOxmnapvty8PVR4s,0.445,0.8029999999999999,0.539,0.0,0.218,-7.452000000000001,0.354,135.937,0.20800000000000002,58
1,1,ULTRA,Booba,2,4uqh1AFQaNojpqgtQFgUPE,Azerty,spotify:track:4uqh1AFQaNojpqgtQFgUPE,0.292,0.7390000000000001,0.5920000000000001,4.77e-06,0.0883,-7.849,0.11,124.956,0.11199999999999999,55
2,2,ULTRA,Booba,3,4aiIh5wCetSjn6IuU9QX1F,RST,spotify:track:4aiIh5wCetSjn6IuU9QX1F,0.583,0.7659999999999999,0.6970000000000001,0.0,0.0971,-6.041,0.0938,139.894,0.547,56
3,3,ULTRA,Booba,4,3jRTJfW2nvUM4eoZoihnfW,Bonne journée,spotify:track:3jRTJfW2nvUM4eoZoihnfW,0.192,0.857,0.7709999999999999,0.000106,0.115,-6.41,0.158,136.063,0.898,55
4,4,ULTRA,Booba,5,5LYRIyhmlrDAQsYdHEvP0f,Mona Lisa,spotify:track:5LYRIyhmlrDAQsYdHEvP0f,0.6829999999999999,0.784,0.529,0.0,0.11800000000000001,-7.681,0.0742,134.041,0.24600000000000002,71
5,5,ULTRA,Booba,6,352ZjWTgxP3OOjsZYpv0kz,Je sais,spotify:track:352ZjWTgxP3OOjsZYpv0kz,0.846,0.522,0.509,2.07e-05,0.14800000000000002,-8.75,0.0363,118.786,0.309,53
6,6,ULTRA,Booba,7,5HHdKznp8Dqp7nNNd5gEW0,5G,spotify:track:5HHdKznp8Dqp7nNNd5gEW0,0.182,0.899,0.581,0.0,0.0666,-6.652,0.384,126.948,0.5479999999999999,55
7,7,ULTRA,Booba,8,6cXNliTOTb6IrU4YhyH10J,Vue sur la mer,spotify:track:6cXNliTOTb6IrU4YhyH10J,0.141,0.779,0.716,0.000541,0.0788,-7.644,0.193,75.015,0.439,55
8,8,ULTRA,Booba,9,1fpoNJItHwMjTYlD8eJ9Wd,L'olivier,spotify:track:1fpoNJItHwMjTYlD8eJ9Wd,0.385,0.644,0.638,0.000309,0.473,-6.865,0.0358,129.989,0.27399999999999997,53
9,9,ULTRA,Booba,10,0Q1ZthgaRH9sLIHHDrzX4X,VVV,spotify:track:0Q1ZthgaRH9sLIHHDrzX4X,0.31,0.534,0.787,0.0,0.183,-6.129,0.358,79.206,0.22399999999999998,61
10,10,ULTRA,Booba,11,0vxkghkV5IMJOfUbZ7Ksul,31,spotify:track:0vxkghkV5IMJOfUbZ7Ksul,0.7809999999999999,0.833,0.7340000000000001,1.17e-05,0.10800000000000001,-4.635,0.12,139.935,0.836,52
11,11,ULTRA,Booba,12,0jKtpN3rsW1831n2w6OfH9,Ultra,spotify:track:0jKtpN3rsW1831n2w6OfH9,0.192,0.799,0.655,3.78e-05,0.0762,-7.629,0.312,138.031,0.361,57
12,12,ULTRA,Booba,13,1wq6CLiywo8ewiOLB9CYCe,Grain de sable,spotify:track:1wq6CLiywo8ewiOLB9CYCe,0.867,0.607,0.29600000000000004,0.0,0.11900000000000001,-10.564,0.0467,130.023,0.43700000000000006,55
13,13,ULTRA,Booba,14,6wO9axcjFhcQqJHuhai40h,Dernière fois,spotify:track:6wO9axcjFhcQqJHuhai40h,0.789,0.677,0.42700000000000005,1.49e-06,0.10800000000000001,-8.187000000000001,0.0314,136.138,0.379,57
14,28,Trône,Booba,1,13oLM0lbv2vRWmiER8IVYY,Centurion,spotify:track:13oLM0lbv2vRWmiER8IVYY,0.44299999999999995,0.758,0.858,1.44e-06,0.0686,-3.3569999999999998,0.188,120.994,0.713,44
15,29,Trône,Booba,2,4ruXQncBxzZmUGSi270LGT,Friday,spotify:track:4ruXQncBxzZmUGSi270LGT,0.6970000000000001,0.773,0.769,1.25e-06,0.109,-3.116,0.0942,124.667,0.373,54
16,30,Trône,Booba,3,4sNbuMzrMv05y0g3jnkFjP,Drapeau noir,spotify:track:4sNbuMzrMv05y0g3jnkFjP,0.5660000000000001,0.87,0.626,2.95e-05,0.0741,-5.651,0.23,133.964,0.629,49
17,31,Trône,Booba,4,15ED1FTbb2fUUNkuoQ7N20,Trône,spotify:track:15ED1FTbb2fUUNkuoQ7N20,0.631,0.503,0.599,0.0,0.134,-6.541,0.0807,175.692,0.265,52
18,32,Trône,Booba,5,7hzKJvzGwOfUMsMLbntgv6,Bouyon,spotify:track:7hzKJvzGwOfUMsMLbntgv6,0.273,0.889,0.762,0.0,0.0637,-3.563,0.215,116.986,0.511,43
19,33,Trône,Booba,6,3hhEzqQNBGGCer5fJE1P04,Magnifique,spotify:track:3hhEzqQNBGGCer5fJE1P04,0.11199999999999999,0.555,0.6659999999999999,0.0,0.125,-6.0760000000000005,0.196,115.624,0.446,42
20,34,Trône,Booba,7,5jagtwf0eC1x5x5uxmlZZP,Ça va aller,spotify:track:5jagtwf0eC1x5x5uxmlZZP,0.309,0.738,0.785,0.0,0.0778,-2.9819999999999998,0.271,129.747,0.895,45
21,35,Trône,Booba,8,1aJbKUmCZXoU2y1fF2NOcM,Nougat,spotify:track:1aJbKUmCZXoU2y1fF2NOcM,0.588,0.927,0.64,0.0,0.0986,-5.292999999999999,0.331,129.965,0.47600000000000003,44
22,36,Trône,Booba,9,6L8zEje9MksGelW8gGkQML,Terrain,spotify:track:6L8zEje9MksGelW8gGkQML,0.5589999999999999,0.9159999999999999,0.758,4.41e-05,0.0841,-3.5380000000000003,0.439,133.944,0.623,42
23,37,Trône,Booba,10,2ENrPKCV8OyorEpDSsVpBh,À la folie,spotify:track:2ENrPKCV8OyorEpDSsVpBh,0.23800000000000002,0.52,0.7440000000000001,0.0125,0.141,-4.232,0.0415,89.696,0.28600000000000003,48
24,38,Trône,Booba,11,3oNkIbddVXyzZrUtpUTEOd,113,spotify:track:3oNkIbddVXyzZrUtpUTEOd,0.16899999999999998,0.731,0.857,0.0125,0.11,-4.059,0.0645,143.953,0.26,52
25,39,Trône,Booba,12,6CRTGadOztkonI7EDxYNeP,Ridin',spotify:track:6CRTGadOztkonI7EDxYNeP,0.307,0.757,0.708,2.98e-05,0.11199999999999999,-3.927,0.0443,138.991,0.5,57
26,40,Trône,Booba,13,68t93W7Mdwlvia5CpHNsBM,Petite fille,spotify:track:68t93W7Mdwlvia5CpHNsBM,0.9440000000000001,0.795,0.45899999999999996,0.000637,0.192,-7.607,0.0421,119.959,0.426,55
27,41,Trône,Booba,14,21V8iZQ250M58SvRXvq5hA,DKR - Bonus Track,spotify:track:21V8iZQ250M58SvRXvq5hA,0.615,0.687,0.8109999999999999,3.4e-05,0.0756,-5.662000000000001,0.27399999999999997,103.705,0.9390000000000001,57
28,42,Trône,Booba,15,6ZEMbp1RZ1iMkQOufEbzNC,E.L.E.P.H.A.N.T - Bonus Track,spotify:track:6ZEMbp1RZ1iMkQOufEbzNC,0.196,0.84,0.685,6.35e-05,0.0594,-3.431,0.0592,120.97399999999999,0.267,50
29,43,Autopsie 0,Booba,1,0V2r44k8I3H0yF1lVXiPwi,Garcimore,spotify:track:0V2r44k8I3H0yF1lVXiPwi,0.0993,0.747,0.792,0.0,0.0147,-4.896,0.16699999999999998,128.046,0.635,34
30,44,Autopsie 0,Booba,2,2umVM14VuIViKOo9DOEvUs,Le D.U.C,spotify:track:2umVM14VuIViKOo9DOEvUs,0.366,0.845,0.7879999999999999,0.000586,0.139,-6.611000000000001,0.142,151.999,0.871,31
31,45,Autopsie 0,Booba,3,3xpivbN0BWLvII3OpnteT4,Tout et tout d'suite,spotify:track:3xpivbN0BWLvII3OpnteT4,0.237,0.746,0.71,0.0,0.196,-6.5889999999999995,0.32799999999999996,156.02200000000002,0.8390000000000001,28
32,46,Autopsie 0,Booba,4,7isWuJYfZ5xYzJmZmlGtkB,A3,spotify:track:7isWuJYfZ5xYzJmZmlGtkB,0.0184,0.53,0.775,4.54e-06,0.449,-6.305,0.0443,140.156,0.193,31
33,47,Autopsie 0,Booba,5,2QeSYO053pqclIRUttlPp5,Double poney,spotify:track:2QeSYO053pqclIRUttlPp5,0.0423,0.713,0.639,3.07e-05,0.11800000000000001,-6.446000000000001,0.0484,134.101,0.142,44
34,48,Autopsie 0,Booba,6,5yjnr4SoqKP5JMOLA0O3q4,La vie en rouge,spotify:track:5yjnr4SoqKP5JMOLA0O3q4,0.325,0.6609999999999999,0.675,1.23e-06,0.247,-7.5889999999999995,0.257,150.10299999999998,0.685,31
35,49,Autopsie 0,Booba,7,1kPzYxloABuoiNZICjABYh,Rats des villes,spotify:track:1kPzYxloABuoiNZICjABYh,0.17600000000000002,0.787,0.713,0.0,0.379,-5.183,0.248,77.018,0.7809999999999999,34
36,50,Autopsie 0,Booba,8,5RuTUPxa3e6hBPhUQAdX1F,Foetus,spotify:track:5RuTUPxa3e6hBPhUQAdX1F,0.151,0.6829999999999999,0.763,1.4099999999999999e-05,0.0841,-6.744,0.218,139.95600000000002,0.39399999999999996,31
37,51,Autopsie 0,Booba,9,3Ta3zaVNTB5DVJiXcme9NN,A4,spotify:track:3Ta3zaVNTB5DVJiXcme9NN,0.0276,0.616,0.738,4.89e-06,0.155,-7.266,0.0489,141.053,0.19,34
38,52,Autopsie 0,Booba,10,7GeTjmCHn5nevxsFk3RqDM,Bakel City Gang,spotify:track:7GeTjmCHn5nevxsFk3RqDM,0.0329,0.682,0.765,6.12e-05,0.129,-6.079,0.24,136.07,0.348,37
39,53,Autopsie 0,Booba,11,65tluiIPqVIbOmtpdbN4W1,Vaisseau mère,spotify:track:65tluiIPqVIbOmtpdbN4W1,0.0898,0.8420000000000001,0.725,0.0,0.0619,-8.347000000000001,0.16,133.974,0.696,33
40,54,Autopsie 0,Booba,12,2lIBT5vhgGXKMUoCFeFJvZ,Scarface,spotify:track:2lIBT5vhgGXKMUoCFeFJvZ,0.465,0.65,0.731,0.0222,0.32299999999999995,-6.752999999999999,0.0387,137.99,0.478,57
41,55,Autopsie 0,Booba,13,0sTfCkFda3zkbqXc0ASdgB,Pigeons,spotify:track:0sTfCkFda3zkbqXc0ASdgB,0.0162,0.617,0.6809999999999999,0.0,0.0762,-7.023,0.26899999999999996,141.849,0.434,31
42,56,Autopsie 0,Booba,14,4OBylreHuhHTGNBY8CWFSI,Gangster,spotify:track:4OBylreHuhHTGNBY8CWFSI,0.0299,0.591,0.835,3.12e-05,0.307,-5.515,0.039,141.016,0.33899999999999997,31
43,57,Autopsie 0,Booba,15,7bLl76U5VdydZRFV2WYdpC,Paname,spotify:track:7bLl76U5VdydZRFV2WYdpC,0.021,0.7070000000000001,0.72,0.000778,0.121,-7.972,0.0412,139.993,0.28800000000000003,40
44,58,Autopsie 0,Booba,16,1GnVx2Nuyy3zQ9XY7ZFmHr,Felix Eboué,spotify:track:1GnVx2Nuyy3zQ9XY7ZFmHr,0.0264,0.92,0.727,1.9699999999999998e-05,0.0961,-6.565,0.179,123.01100000000001,0.6940000000000001,33
45,59,Autopsie 0,Booba,17,6NnG5UKGi8c74JwGSXuF2s,JDC,spotify:track:6NnG5UKGi8c74JwGSXuF2s,0.185,0.722,0.645,0.0,0.131,-6.654,0.23199999999999998,130.181,0.40399999999999997,29
46,60,Autopsie 0,Booba,18,1eeQAK0pmQs4m2B4hqxHMI,Salside,spotify:track:1eeQAK0pmQs4m2B4hqxHMI,0.0651,0.8959999999999999,0.723,0.00197,0.0883,-6.462000000000001,0.213,140.035,0.43,39
47,74,Nero nemesis,Booba,1,5q4sMsPwK3gLDs6k0cMWno,Walabok,spotify:track:5q4sMsPwK3gLDs6k0cMWno,0.084,0.818,0.557,0.0,0.135,-5.563,0.105,129.98,0.43700000000000006,41
48,75,Nero nemesis,Booba,2,2ZaJdSktryCFZLxngWWJIc,Talion,spotify:track:2ZaJdSktryCFZLxngWWJIc,0.231,0.8370000000000001,0.654,0.0,0.14800000000000002,-6.561,0.23,113.962,0.355,39
49,76,Nero nemesis,Booba,3,6HjXqEapayx872A5RFnJJM,Zer,spotify:track:6HjXqEapayx872A5RFnJJM,0.222,0.956,0.74,0.0,0.0716,-4.145,0.29600000000000004,117.92,0.508,40
50,77,Nero nemesis,Booba,4,6Wpgf0xNuBIUpJF2uH7swL,92i veyron,spotify:track:6Wpgf0xNuBIUpJF2uH7swL,0.27,0.8009999999999999,0.674,0.0,0.0758,-5.5760000000000005,0.134,122.978,0.45299999999999996,57
51,78,Nero nemesis,Booba,5,7v8xMXZUe3ZPzke2tjZnO1,Validée,spotify:track:7v8xMXZUe3ZPzke2tjZnO1,0.145,0.644,0.815,0.0125,0.11599999999999999,-6.011,0.0708,203.916,0.795,58
52,79,Nero nemesis,Booba,6,31h65YiA2oBQXhsjNzCmOg,Attila,spotify:track:31h65YiA2oBQXhsjNzCmOg,0.16399999999999998,0.851,0.87,0.0,0.114,-3.3510000000000004,0.0996,119.993,0.344,42
53,80,Nero nemesis,Booba,7,1TbZf0rzz8cvldbudyF5wr,Charbon,spotify:track:1TbZf0rzz8cvldbudyF5wr,0.0992,0.7340000000000001,0.664,0.0,0.353,-3.94,0.0353,125.069,0.25,39
54,81,Nero nemesis,Booba,8,10ANz8p6RN0e6QWZVjUwTw,U2K,spotify:track:10ANz8p6RN0e6QWZVjUwTw,0.0669,0.863,0.488,0.0018100000000000002,0.0959,-8.147,0.0676,120.01299999999999,0.39899999999999997,35
55,82,Nero nemesis,Booba,9,54vTb6FCWiho23KrknuOuy,Génération assassin,spotify:track:54vTb6FCWiho23KrknuOuy,0.507,0.9059999999999999,0.6629999999999999,0.0,0.11,-5.977,0.309,128.07,0.435,46
56,83,Nero nemesis,Booba,10,3shO1aUwZXdhH0gXsCJW9G,Pinocchio,spotify:track:3shO1aUwZXdhH0gXsCJW9G,0.718,0.605,0.634,0.0,0.122,-4.7219999999999995,0.625,80.133,0.369,49
57,84,Nero nemesis,Booba,11,6LZbHM364ar9JAavpezlnm,Comme les autres,spotify:track:6LZbHM364ar9JAavpezlnm,0.157,0.436,0.746,3.07e-05,0.196,-2.8560000000000003,0.187,108.53200000000001,0.505,40
58,85,Nero nemesis,Booba,12,5mbmjOeE5o6dOx7JyLJqPN,Habibi,spotify:track:5mbmjOeE5o6dOx7JyLJqPN,0.672,0.845,0.391,2.9100000000000003e-05,0.0526,-7.617999999999999,0.508,110.05799999999999,0.182,38
59,86,Nero nemesis,Booba,13,4jcoBHze3yMVWviB27Rzq4,4G,spotify:track:4jcoBHze3yMVWviB27Rzq4,0.35200000000000004,0.8320000000000001,0.64,0.0,0.0734,-6.234,0.282,119.84700000000001,0.20800000000000002,47
60,106,D.U.C.,Booba,1,1sKSVFcvU4bM5LsKZ1Q4P6,D.U.C,spotify:track:1sKSVFcvU4bM5LsKZ1Q4P6,0.25,0.72,0.7,3.48e-06,0.14800000000000002,-7.334,0.32899999999999996,109.95299999999999,0.34700000000000003,39
61,107,D.U.C.,Booba,2,75pPkbMIpb6oY9cLgt72gD,Tony Sosa,spotify:track:75pPkbMIpb6oY9cLgt72gD,0.519,0.919,0.47200000000000003,1.7199999999999998e-05,0.14,-7.689,0.26899999999999996,112.04299999999999,0.55,41
62,108,D.U.C.,Booba,3,1zBfKFRSGow9uHdGzmXB3B,Bellucci,spotify:track:1zBfKFRSGow9uHdGzmXB3B,0.0495,0.777,0.754,0.0,0.221,-5.212999999999999,0.142,138.931,0.5720000000000001,35
63,109,D.U.C.,Booba,4,2lQ5dqKQncbwuqgszsmmHf,Loin d’ici,spotify:track:2lQ5dqKQncbwuqgszsmmHf,0.0157,0.625,0.794,2.29e-06,0.131,-6.426,0.0866,139.80700000000002,0.516,34
64,110,D.U.C.,Booba,5,3JWK2Ntt0ZiMLrMRcNKJWL,Caracas,spotify:track:3JWK2Ntt0ZiMLrMRcNKJWL,0.11199999999999999,0.6629999999999999,0.8320000000000001,9.95e-05,0.0674,-4.328,0.073,133.02200000000002,0.597,36
65,111,D.U.C.,Booba,6,4H3WFQwI59ffkBPc7dECYX,Mon pays,spotify:track:4H3WFQwI59ffkBPc7dECYX,0.0306,0.68,0.6809999999999999,0.00131,0.34299999999999997,-6.581,0.0426,134.049,0.106,40
66,112,D.U.C.,Booba,7,77GVzkKJLmAipFBzbhBW28,All Set,spotify:track:77GVzkKJLmAipFBzbhBW28,0.275,0.773,0.731,0.0,0.19699999999999998,-5.735,0.139,125.109,0.599,32
67,113,D.U.C.,Booba,8,2nzcxoGHpzoxODOuXyxKFM,Les meilleurs,spotify:track:2nzcxoGHpzoxODOuXyxKFM,0.171,0.88,0.574,0.0,0.19399999999999998,-4.374,0.187,122.976,0.244,34
68,114,D.U.C.,Booba,9,08gKlkzii4ovitFMBF9td4,Mové lang,spotify:track:08gKlkzii4ovitFMBF9td4,0.0831,0.8290000000000001,0.5489999999999999,0.0,0.11,-4.711,0.315,109.991,0.42100000000000004,37
69,115,D.U.C.,Booba,10,5S5sN3i5BhstXH7BRKOVEm,LVMH,spotify:track:5S5sN3i5BhstXH7BRKOVEm,0.33799999999999997,0.853,0.547,0.0,0.0798,-6.73,0.106,106.029,0.185,39
70,116,D.U.C.,Booba,11,1uFKIIkJGN04w6WaLiU0Nu,G-Love,spotify:track:1uFKIIkJGN04w6WaLiU0Nu,0.0255,0.7659999999999999,0.6559999999999999,0.00015900000000000002,0.0944,-5.871,0.0801,173.01,0.604,43
71,117,D.U.C.,Booba,12,55Crmbfej5U2r7Dv6d9ykX,Billets violets,spotify:track:55Crmbfej5U2r7Dv6d9ykX,0.348,0.723,0.627,0.0,0.182,-6.643,0.0464,120.069,0.551,36
72,118,D.U.C.,Booba,13,0w1PC2pGG132CtAKPJCVdC,Ratpis,spotify:track:0w1PC2pGG132CtAKPJCVdC,0.121,0.85,0.768,0.0,0.215,-3.175,0.11800000000000001,124.021,0.774,31
73,119,D.U.C.,Booba,14,51NgURFOSykoRMBpeX1PqA,Jack Da,spotify:track:51NgURFOSykoRMBpeX1PqA,0.674,0.6779999999999999,0.721,0.0,0.0886,-6.433,0.0587,127.13799999999999,0.39899999999999997,34
74,120,D.U.C.,Booba,15,7qmkQm8eb5heO2p3ErRjH5,Mr.Kopp,spotify:track:7qmkQm8eb5heO2p3ErRjH5,0.389,0.7559999999999999,0.815,0.0,0.0929,-4.461,0.0577,136.031,0.429,34
75,121,D.U.C.,Booba,16,3mpnBp4JmKFnikFIj8c4jU,Temps mort 2.0,spotify:track:3mpnBp4JmKFnikFIj8c4jU,0.193,0.631,0.718,1.28e-05,0.612,-4.854,0.384,122.086,0.321,40
76,122,D.U.C.,Booba,17,7KndNGWG98VuNs79kSLntM,3 G,spotify:track:7KndNGWG98VuNs79kSLntM,0.615,0.444,0.73,0.0,0.11699999999999999,-4.761,0.35,179.752,0.39799999999999996,38
77,123,D.U.C.,Booba,18,4fUSwlaNV8hUW9VuL3aFCH,La mort leur va si bien,spotify:track:4fUSwlaNV8hUW9VuL3aFCH,0.135,0.501,0.621,0.0,0.409,-4.337,0.0834,81.461,0.47200000000000003,38
78,124,D.U.C.,Booba,19,68XgYFn7NtFxvn8gZzqrEZ,OKLM,spotify:track:68XgYFn7NtFxvn8gZzqrEZ,0.289,0.7829999999999999,0.748,1.69e-06,0.32299999999999995,-5.994,0.0465,123.985,0.37,45
79,166,Futur 2.0 (Deluxe),Booba,1,0bUdFGHOQWdRrUqf9FQFC6,2.0,spotify:track:0bUdFGHOQWdRrUqf9FQFC6,0.27699999999999997,0.675,0.6940000000000001,0.0,0.11699999999999999,-4.098,0.0495,123.916,0.287,33
80,167,Futur 2.0 (Deluxe),Booba,2,0Hk3L0e7HLenrLBCbzOl3t,A.C. Milan,spotify:track:0Hk3L0e7HLenrLBCbzOl3t,0.0042899999999999995,0.757,0.6509999999999999,0.0,0.32,-6.167000000000001,0.0511,126.00299999999999,0.439,40
81,168,Futur 2.0 (Deluxe),Booba,3,3Hk4qNkWuFgy5jmZwVeIdV,Turfu,spotify:track:3Hk4qNkWuFgy5jmZwVeIdV,0.0206,0.608,0.802,0.0,0.0918,-5.318,0.0648,119.929,0.29600000000000004,37
82,169,Futur 2.0 (Deluxe),Booba,4,2PEDvDD9vwsL5T0LNtZVU8,Une vie,spotify:track:2PEDvDD9vwsL5T0LNtZVU8,0.35700000000000004,0.513,0.6729999999999999,0.0,0.10400000000000001,-4.6739999999999995,0.205,139.739,0.162,35
83,170,Futur 2.0 (Deluxe),Booba,5,1sVx8o0u5TQsJWeiDosONs,Parlons peu,spotify:track:1sVx8o0u5TQsJWeiDosONs,0.0514,0.745,0.863,0.0,0.294,-4.525,0.18600000000000003,129.984,0.447,33
84,171,Futur 2.0 (Deluxe),Booba,6,0xXLCbEINxH0p0Dq9KA0KX,RTC,spotify:track:0xXLCbEINxH0p0Dq9KA0KX,0.094,0.63,0.634,0.0,0.136,-5.119,0.059000000000000004,132.06799999999998,0.19,34
85,172,Futur 2.0 (Deluxe),Booba,7,6xDZzdE8UzxIKxi7I2sRls,Longueur d'avance,spotify:track:6xDZzdE8UzxIKxi7I2sRls,0.0037,0.32,0.711,1.66e-05,0.225,-5.4270000000000005,0.0446,83.22200000000001,0.268,32
86,173,Futur 2.0 (Deluxe),Booba,8,4GHAwduB0IHmijqp5n5Q6U,T.L.T,spotify:track:4GHAwduB0IHmijqp5n5Q6U,0.00946,0.6859999999999999,0.828,0.0,0.29600000000000004,-5.601,0.32799999999999996,124.04,0.521,30
87,174,Futur 2.0 (Deluxe),Booba,9,7hZM4LZ9ggH3rKiw2PECtT,Billets verts,spotify:track:7hZM4LZ9ggH3rKiw2PECtT,0.12,0.83,0.605,0.00345,0.42,-8.699,0.263,129.985,0.33399999999999996,32
88,175,Futur,Booba,1,53GTdYOk5DgmmpuL2w4D9n,G5 - Intro,spotify:track:53GTdYOk5DgmmpuL2w4D9n,0.0038799999999999998,0.619,0.6829999999999999,0.0311,0.162,-8.996,0.0589,93.07,0.128,29
89,176,Futur,Booba,2,1k0xlT7SzdxfBy0Nnwzhcl,Maki Sall Music,spotify:track:1k0xlT7SzdxfBy0Nnwzhcl,0.0753,0.72,0.687,2.83e-06,0.0911,-7.4510000000000005,0.19699999999999998,139.991,0.423,31
90,177,Futur,Booba,3,2pWkLTjNnrWpeawjIoLBSb,Wesh Morray,spotify:track:2pWkLTjNnrWpeawjIoLBSb,0.0246,0.7929999999999999,0.818,0.0,0.35,-6.045,0.131,144.05,0.547,34
91,178,Futur,Booba,4,25SoeVSj1Ca3KMKdGHZG4e,Tombé pour elle,spotify:track:25SoeVSj1Ca3KMKdGHZG4e,0.841,0.7440000000000001,0.83,0.0111,0.251,-6.579,0.0583,161.964,0.9470000000000001,49
92,179,Futur,Booba,5,37bqqvNmgNVsUbU9N5xx8u,C'est la vie,spotify:track:37bqqvNmgNVsUbU9N5xx8u,0.13,0.753,0.66,0.0,0.141,-6.906000000000001,0.10800000000000001,146.007,0.201,31
93,180,Futur,Booba,6,1gVuVrtjg4fgXVMFeghelY,Pirates,spotify:track:1gVuVrtjg4fgXVMFeghelY,0.0337,0.7040000000000001,0.7140000000000001,0.0,0.24600000000000002,-6.357,0.294,135.903,0.48700000000000004,35
94,181,Futur,Booba,7,3f2hmbWqVNeU2iDD61rZc0,Caramel,spotify:track:3f2hmbWqVNeU2iDD61rZc0,0.0188,0.6709999999999999,0.547,0.00525,0.14,-9.636000000000001,0.13699999999999998,139.96,0.327,44
95,182,Futur,Booba,8,1ACqqQiBkxSOoEYUW57Itl,Kalash,spotify:track:1ACqqQiBkxSOoEYUW57Itl,0.0154,0.695,0.778,0.0,0.358,-6.632999999999999,0.14800000000000002,138.101,0.654,51
96,183,Futur,Booba,9,6gIJq2qhUj9UJi38ZDrmSE,1.8.7,spotify:track:6gIJq2qhUj9UJi38ZDrmSE,0.0939,0.59,0.887,0.0,0.451,-5.944,0.08199999999999999,156.026,0.363,30
97,184,Futur,Booba,10,3rsVgs5AGC6PnEE7N28WMj,O.G,spotify:track:3rsVgs5AGC6PnEE7N28WMj,0.006,0.687,0.6409999999999999,0.0,0.3,-6.404,0.0577,140.072,0.242,30
98,185,Futur,Booba,11,4XMZeQlAXTTzJY5NMuR2Nk,Jimmy,spotify:track:4XMZeQlAXTTzJY5NMuR2Nk,0.12300000000000001,0.722,0.6920000000000001,0.0,0.0817,-6.4639999999999995,0.0398,82.01100000000001,0.868,38
99,186,Futur,Booba,12,2NbkelgF5h0zl1SyAVZo09,Maître Yoda,spotify:track:2NbkelgF5h0zl1SyAVZo09,0.0491,0.735,0.713,0.0,0.18,-6.0520000000000005,0.21899999999999997,139.988,0.56,34
100,187,Futur,Booba,13,3WdvfZarAZNvid8b9ZE8Ki,Rolex,spotify:track:3WdvfZarAZNvid8b9ZE8Ki,0.0654,0.41600000000000004,0.643,0.0,0.16699999999999998,-6.784,0.0933,109.27600000000001,0.34299999999999997,33
101,188,Futur,Booba,14,2TvIZoqoj5tVBc42TeOCm3,Tout c'que j'ai,spotify:track:2TvIZoqoj5tVBc42TeOCm3,0.6809999999999999,0.386,0.525,0.000534,0.11199999999999999,-10.806,0.172,77.02199999999999,0.18,30
102,189,Futur,Booba,15,4ZjQDmylh6NGEfeHsXJBEJ,2PAC,spotify:track:4ZjQDmylh6NGEfeHsXJBEJ,0.0483,0.721,0.799,1.41e-06,0.396,-6.558,0.0918,148.031,0.522,31
103,190,Futur,Booba,16,0piKkV8cxUB32SclnHwcpW,Futur,spotify:track:0piKkV8cxUB32SclnHwcpW,0.0364,0.409,0.621,2.7899999999999997e-05,0.147,-10.096,0.158,88.65799999999999,0.251,35
104,207,Lunatic,Booba,1,4dRpo53XsMFtvp125lUvut,Les derniers seront les premiers,spotify:track:4dRpo53XsMFtvp125lUvut,0.0788,0.706,0.742,0.00409,0.49,-7.7620000000000005,0.23399999999999999,130.111,0.22699999999999998,32
105,208,Lunatic,Booba,2,6INo1P6G36tLaegxTZBzqt,Caesar Palace,spotify:track:6INo1P6G36tLaegxTZBzqt,0.00494,0.42,0.9440000000000001,0.0,0.287,-4.954,0.397,75.237,0.575,32
106,209,Lunatic,Booba,3,5w6lXPHtZ5nWNXnAEfSql6,Jimmy deux fois,spotify:track:5w6lXPHtZ5nWNXnAEfSql6,0.0287,0.7120000000000001,0.706,0.004079999999999999,0.377,-6.047999999999999,0.0621,135.947,0.491,33
107,210,Lunatic,Booba,4,4b0KzizEc1h64uiSrRSwUu,Ma couleur,spotify:track:4b0KzizEc1h64uiSrRSwUu,0.0077,0.579,0.826,0.00103,0.23,-4.813,0.0807,166.028,0.44299999999999995,44
108,211,Lunatic,Booba,5,5Pmo3ir4CD8wApRUaCtDkH,Abracadabra,spotify:track:5Pmo3ir4CD8wApRUaCtDkH,0.11199999999999999,0.85,0.643,4.09e-06,0.0848,-8.492,0.0452,133.998,0.48100000000000004,35
109,212,Lunatic,Booba,6,4FbQq7zRks8otRs63iqhii,Boss du rap game,spotify:track:4FbQq7zRks8otRs63iqhii,0.162,0.556,0.6970000000000001,0.000117,0.0859,-6.721,0.179,73.926,0.445,32
110,213,Lunatic,Booba,7,3FtOjDCugykNt5YmVdQVo5,Killer,spotify:track:3FtOjDCugykNt5YmVdQVo5,0.20199999999999999,0.731,0.71,2.05e-05,0.109,-7.371,0.21,141.991,0.252,42
111,214,Lunatic,Booba,8,5Y5dlBMUM5rTrpNo445yUC,Lunatic,spotify:track:5Y5dlBMUM5rTrpNo445yUC,0.14400000000000002,0.515,0.812,0.0,0.185,-4.882,0.287,130.168,0.5539999999999999,41
112,215,Lunatic,Booba,9,184YVzDFiUtBafFm8rONkr,Jour de paye,spotify:track:184YVzDFiUtBafFm8rONkr,0.0243,0.368,0.722,0.0,0.624,-4.622,0.0735,140.099,0.22,44
113,216,Lunatic,Booba,10,1fDEQ7fcw960XdOmLagKA1,Si tu savais,spotify:track:1fDEQ7fcw960XdOmLagKA1,0.125,0.728,0.774,2.3e-06,0.0453,-5.252999999999999,0.12,160.07,0.546,31
114,217,Lunatic,Booba,11,0lor8cLolD2FFFckNlaCPk,Comme une étoile,spotify:track:0lor8cLolD2FFFckNlaCPk,0.649,0.551,0.569,0.0,0.109,-9.596,0.0896,81.613,0.561,50
115,218,Lunatic,Booba,12,1YHDnNjxzknO73q9RqAh6m,Paradis,spotify:track:1YHDnNjxzknO73q9RqAh6m,0.29600000000000004,0.6459999999999999,0.92,0.0,0.096,-4.008,0.145,157.986,0.35100000000000003,48
116,219,Lunatic,Booba,13,51k0uvwmNsC0HDSTn6F9ik,45 Scientific,spotify:track:51k0uvwmNsC0HDSTn6F9ik,0.43799999999999994,0.51,0.868,0.0,0.385,-4.083,0.303,95.212,0.433,31
117,220,Lunatic,Booba,14,0PrWBy67CpylRxCBoPNFX0,Top niveau,spotify:track:0PrWBy67CpylRxCBoPNFX0,0.0412,0.6709999999999999,0.882,1.3000000000000001e-05,0.155,-5.004,0.132,81.166,0.484,29
118,221,Lunatic,Booba,15,30wlyCuoyuAfJfd6AW5uHy,Réel,spotify:track:30wlyCuoyuAfJfd6AW5uHy,0.17800000000000002,0.6679999999999999,0.847,0.0,0.366,-4.187,0.281,149.88,0.557,31
119,222,Lunatic,Booba,16,4DO8TjPJCiq8edaCvwC3im,Me-ca,spotify:track:4DO8TjPJCiq8edaCvwC3im,0.446,0.687,0.935,0.0,0.308,-5.8229999999999995,0.345,148.03,0.645,28
120,223,Lunatic,Booba,17,01bJKcbT0GfCd4ORFv3eil,Saddam Hauts-de-Seine,spotify:track:01bJKcbT0GfCd4ORFv3eil,0.139,0.687,0.8640000000000001,0.0,0.149,-7.281000000000001,0.0417,138.018,0.401,35
121,224,Lunatic,Booba,18,7xPs9Yi06isxjJnyyuZwVv,Fast Life,spotify:track:7xPs9Yi06isxjJnyyuZwVv,0.00761,0.594,0.728,2.5300000000000002e-05,0.0731,-7.197,0.27899999999999997,185.865,0.258,33
122,225,Lunatic,Booba,19,24RGXGrcHYqVFP2XOfuYMf,Kojak,spotify:track:24RGXGrcHYqVFP2XOfuYMf,0.0945,0.5529999999999999,0.8370000000000001,3.31e-06,0.40700000000000003,-8.304,0.366,143.709,0.635,29
123,226,0.9,Booba,1,33dRPtK24QYOBwIqG8jWfN,Intro,spotify:track:33dRPtK24QYOBwIqG8jWfN,0.0783,0.33799999999999997,0.539,0.0149,0.47200000000000003,-18.437,0.055,93.57600000000001,0.0,0
124,227,0.9,Booba,2,155DRcPXE8wRQ8exrtkCtj,Izi Monnaie,spotify:track:155DRcPXE8wRQ8exrtkCtj,0.34600000000000003,0.517,0.825,0.0112,0.151,-6.62,0.21,78.939,0.41700000000000004,32
125,228,0.9,Booba,3,0OUCgT5Ny9fbT8Wgpn76yw,B2Oba,spotify:track:0OUCgT5Ny9fbT8Wgpn76yw,0.0882,0.731,0.862,0.0243,0.345,-4.824,0.0604,77.007,0.57,32
126,229,0.9,Booba,4,2ULPtaHdyOuGcvrLTHL4gT,Illégal,spotify:track:2ULPtaHdyOuGcvrLTHL4gT,0.315,0.782,0.841,3.07e-05,0.099,-5.65,0.0761,141.079,0.769,32
127,231,0.9,Booba,6,4pi0KvIuQrPNKo5dmy5ef9,Izi Life,spotify:track:4pi0KvIuQrPNKo5dmy5ef9,0.24,0.636,0.746,0.0,0.248,-5.806,0.29600000000000004,130.129,0.46399999999999997,28
128,232,0.9,Booba,7,7iezOg5ENMqIpq0HVVZqgz,King,spotify:track:7iezOg5ENMqIpq0HVVZqgz,0.166,0.581,0.8320000000000001,0.0,0.637,-6.54,0.301,141.901,0.81,27
129,233,0.9,Booba,8,4kA98nTsVhh2MTruMLV9c3,Salade Tomates Oignons,spotify:track:4kA98nTsVhh2MTruMLV9c3,0.00932,0.691,0.828,1.01e-05,0.315,-4.7860000000000005,0.20600000000000002,84.00200000000001,0.485,42
130,234,0.9,Booba,9,4WTClSGjlcm4W7tU7lbJFB,Bad Boy Street,spotify:track:4WTClSGjlcm4W7tU7lbJFB,0.012,0.645,0.611,0.0,0.14300000000000002,-7.477,0.32299999999999995,78.289,0.625,26
131,235,0.9,Booba,10,7mf2d9ZJinH04sLBMXFeBz,Game Over,spotify:track:7mf2d9ZJinH04sLBMXFeBz,0.625,0.6970000000000001,0.579,5.54e-06,0.124,-8.788,0.316,140.03,0.659,34
132,236,0.9,Booba,11,2uUOiqr5wdIATUtvw16Rfy,Soldats,spotify:track:2uUOiqr5wdIATUtvw16Rfy,0.168,0.6559999999999999,0.695,4.07e-05,0.179,-6.324,0.0689,139.866,0.33799999999999997,27
133,237,0.9,Booba,12,2YhLRK9bBZz2Vh0gTwgB9q,R.A.S,spotify:track:2YhLRK9bBZz2Vh0gTwgB9q,0.285,0.605,0.7979999999999999,9.78e-06,0.254,-7.678,0.0456,76.002,0.517,30
134,238,0.9,Booba,13,6Hr8Ek8a7r0aIdybhEx2T2,Pourvu Qu'Elles M'Aiment,spotify:track:6Hr8Ek8a7r0aIdybhEx2T2,0.129,0.8220000000000001,0.782,0.0156,0.17600000000000002,-5.774,0.0333,127.00399999999999,0.546,38
135,239,0.9,Booba,14,75tdPujNXrP9r53CIWQ1CO,Marche Ou Crève,spotify:track:75tdPujNXrP9r53CIWQ1CO,0.0075,0.44799999999999995,0.7240000000000001,0.0,0.0498,-7.691,0.37,139.884,0.355,26
136,240,0.9,Booba,15,2Ed1aYgm6yiGj89ZF8kORd,0.9,spotify:track:2Ed1aYgm6yiGj89ZF8kORd,0.17600000000000002,0.721,0.664,5.01e-05,0.109,-9.198,0.142,138.112,0.46,31
137,241,0.9,Booba,16,31HWNexRiJOUV5NDN1p5ie,Marche Ou Crève - Busy P Remix,spotify:track:31HWNexRiJOUV5NDN1p5ie,0.18100000000000002,0.564,0.924,0.000656,0.308,-4.893,0.318,140.126,0.8759999999999999,19
138,242,Ouest Side,Booba,1,1cz0uv11TMfI6ZpOLRN9FL,Mauvais garçon,spotify:track:1cz0uv11TMfI6ZpOLRN9FL,0.0293,0.652,0.843,0.0,0.0618,-3.928,0.207,83.12100000000001,0.37799999999999995,40
139,243,Ouest Side,Booba,2,4PY22DbHm8KvhG2BKxQybo,Garde la pêche,spotify:track:4PY22DbHm8KvhG2BKxQybo,0.39399999999999996,0.731,0.825,0.0,0.31,-4.078,0.34700000000000003,90.98200000000001,0.578,47
140,244,Ouest Side,Booba,3,2iC595GPZjt28Ubpq3lLWE,Le Duc de Boulogne,spotify:track:2iC595GPZjt28Ubpq3lLWE,0.342,0.7390000000000001,0.68,0.0,0.10400000000000001,-6.4879999999999995,0.327,80.908,0.473,47
141,245,Ouest Side,Booba,4,6YqYDjZRDhQcnxBfajcCq4,Boîte vocale,spotify:track:6YqYDjZRDhQcnxBfajcCq4,0.133,0.8109999999999999,0.812,0.0,0.28300000000000003,-4.573,0.302,87.038,0.418,39
142,246,Ouest Side,Booba,5,5NfigFlUBUEBgMFOq1rfkB,Boulbi,spotify:track:5NfigFlUBUEBgMFOq1rfkB,0.0122,0.758,0.731,0.0,0.102,-4.404,0.3,88.00399999999999,0.48200000000000004,53
143,247,Ouest Side,Booba,6,0WDRWCq2xLganPcYV9ap4h,Ouest Side,spotify:track:0WDRWCq2xLganPcYV9ap4h,0.0556,0.81,0.9520000000000001,0.0,0.364,-2.2119999999999997,0.266,95.825,0.633,37
144,248,Ouest Side,Booba,7,2UUcu9I4TNrdFineJ4NNT3,92 izi,spotify:track:2UUcu9I4TNrdFineJ4NNT3,0.00322,0.799,0.9179999999999999,0.0,0.0573,-2.463,0.20800000000000002,74.979,0.385,33
145,249,Ouest Side,Booba,8,4nG0ietl8BJ8vei28SkgGj,Ouais ouais,spotify:track:4nG0ietl8BJ8vei28SkgGj,0.0541,0.787,0.784,0.0,0.0588,-5.6129999999999995,0.368,77.391,0.601,33
146,250,Ouest Side,Booba,9,1efBNlkIwBbccMBXHoJBZN,Pitbull,spotify:track:1efBNlkIwBbccMBXHoJBZN,0.289,0.787,0.9640000000000001,9.32e-06,0.0625,-4.816,0.39,177.972,0.594,55
147,251,Ouest Side,Booba,10,5AKLGTvtnS4wlyKuxOszQv,Je me souviens,spotify:track:5AKLGTvtnS4wlyKuxOszQv,0.047,0.838,0.772,0.0,0.0586,-4.502,0.306,79.98100000000001,0.753,35
148,252,Ouest Side,Booba,11,576YH6AMED5LI1rCOsQFtL,Le météore,spotify:track:576YH6AMED5LI1rCOsQFtL,0.184,0.6970000000000001,0.6990000000000001,0.0,0.0687,-3.9,0.336,110.816,0.9159999999999999,32
149,253,Ouest Side,Booba,12,4WTPxgSYbANxJvRaxpKrxY,Au bout des rêves,spotify:track:4WTPxgSYbANxJvRaxpKrxY,0.0928,0.736,0.7020000000000001,1.1e-06,0.36700000000000005,-3.095,0.0741,88.046,0.47700000000000004,44
150,254,Ouest Side,Booba,13,1kwmjkUpBF56lt9B5SgYg5,Gun In Hand,spotify:track:1kwmjkUpBF56lt9B5SgYg5,0.09699999999999999,0.762,0.6559999999999999,0.00022999999999999998,0.084,-4.82,0.249,81.99,0.8029999999999999,39
151,255,Ouest Side,Booba,14,2VLLAmHBrceGS4Mi66cUfa,Au fond de la classe,spotify:track:2VLLAmHBrceGS4Mi66cUfa,0.0219,0.8109999999999999,0.76,0.0,0.076,-5.686,0.354,91.01,0.505,31
152,256,Ouest Side,Booba,15,46vpTUC6uz2HGPvR5Nx3NG,Couleur ébène,spotify:track:46vpTUC6uz2HGPvR5Nx3NG,0.11,0.6659999999999999,0.762,0.0,0.0566,-4.02,0.129,69.995,0.7559999999999999,32
153,257,Ouest Side,Booba,16,2hYlj68sSPc8h8BfgXua7x,Outro,spotify:track:2hYlj68sSPc8h8BfgXua7x,0.000621,0.505,0.687,5.489999999999999e-05,0.0982,-3.1489999999999996,0.0478,76.069,0.11,30
154,258,Panthéon,Booba,1,3UjUJo7Sw7412uwo2WgZNe,Tallac,spotify:track:3UjUJo7Sw7412uwo2WgZNe,0.191,0.757,0.662,6.94e-05,0.17600000000000002,-4.235,0.305,88.48899999999999,0.254,43
155,259,Panthéon,Booba,2,2pEDsxwqvtOKjjBd49LGkC,Le Mal Par Le Mal,spotify:track:2pEDsxwqvtOKjjBd49LGkC,0.0841,0.638,0.6509999999999999,9.82e-06,0.14400000000000002,-6.146,0.265,91.76100000000001,0.402,29
156,260,Panthéon,Booba,3,77bBIkS8ePbpR3SceCZAZS,Commis D'Office,spotify:track:77bBIkS8ePbpR3SceCZAZS,0.00856,0.674,0.836,0.0,0.11199999999999999,-3.858,0.38799999999999996,180.011,0.677,29
157,261,Panthéon,Booba,4,0DJUpgIfxed8EIUYUofGoc,N°10,spotify:track:0DJUpgIfxed8EIUYUofGoc,0.0955,0.765,0.7959999999999999,0.0,0.162,-4.251,0.27699999999999997,91.994,0.38,51
158,262,Panthéon,Booba,5,5Y5iKJJ2AzEfCDBIhTok6I,Hors-Saison,spotify:track:5Y5iKJJ2AzEfCDBIhTok6I,0.0313,0.586,0.76,0.0,0.0576,-3.3360000000000003,0.335,179.845,0.6579999999999999,32
159,263,Panthéon,Booba,6,2iYycU0yW6mZfBIrujWIPB,R.A.P.,spotify:track:2iYycU0yW6mZfBIrujWIPB,0.0551,0.91,0.7559999999999999,0.0,0.11199999999999999,-5.2139999999999995,0.33,94.396,0.52,25
160,264,Panthéon,Booba,7,6IDl944xH7VgWtdwnwPiAy,Baby,spotify:track:6IDl944xH7VgWtdwnwPiAy,0.11599999999999999,0.728,0.866,0.0,0.439,-3.02,0.353,93.044,0.927,32
161,265,Panthéon,Booba,8,3QQedNB0IpsQqm89uXqDSL,La Faucheuse,spotify:track:3QQedNB0IpsQqm89uXqDSL,0.0302,0.735,0.8809999999999999,1.3300000000000001e-05,0.33299999999999996,-3.175,0.28600000000000003,89.88799999999999,0.267,31
162,266,Panthéon,Booba,9,3yoeJjaeF4R2TXoLxZQvkO,Mon Son,spotify:track:3yoeJjaeF4R2TXoLxZQvkO,0.114,0.5920000000000001,0.759,2.22e-06,0.37,-3.864,0.27399999999999997,82.45700000000001,0.792,36
163,267,Panthéon,Booba,10,1FiIv0fIkCzIBHP0ky7Qmz,Alter Ego,spotify:track:1FiIv0fIkCzIBHP0ky7Qmz,0.0249,0.77,0.685,0.0,0.177,-5.45,0.18899999999999997,92.97200000000001,0.313,26
164,268,Panthéon,Booba,11,3DyIZuSf1morqfsCoN38MD,Pazalaza Pour Sazamuser,spotify:track:3DyIZuSf1morqfsCoN38MD,0.00298,0.6809999999999999,0.8140000000000001,0.0,0.0764,-3.245,0.162,85.771,0.395,23
165,269,Panthéon,Booba,12,40cJmDQAPXwm62dCdtXEEV,Bâtiment C,spotify:track:40cJmDQAPXwm62dCdtXEEV,0.00719,0.596,0.8370000000000001,0.0,0.0621,-4.276,0.29600000000000004,122.32799999999999,0.523,27
166,270,Panthéon,Booba,13,12Gi244AKPANoi55yMhz6v,Avant De Partir,spotify:track:12Gi244AKPANoi55yMhz6v,0.1,0.789,0.593,0.000144,0.105,-4.257,0.0447,90.01,0.5820000000000001,36
167,271,Temps mort,Booba,1,0seP1sX735CTIC9ynV96kI,Temps mort,spotify:track:0seP1sX735CTIC9ynV96kI,0.0939,0.6940000000000001,0.675,0.000302,0.3,-6.3229999999999995,0.129,92.264,0.493,44
168,272,Temps mort,Booba,2,2Bs1rfENjHRWKLs1BCLLnw,Indépendants,spotify:track:2Bs1rfENjHRWKLs1BCLLnw,0.423,0.638,0.7929999999999999,0.0,0.092,-4.405,0.341,91.82700000000001,0.716,37
169,273,Temps mort,Booba,3,48hXNZSXuSIXD4Evmpp8DW,Ecoute bien,spotify:track:48hXNZSXuSIXD4Evmpp8DW,0.18,0.795,0.799,0.0,0.10800000000000001,-4.279,0.32,87.184,0.8859999999999999,38
170,274,Temps mort,Booba,4,0n3wYb9lcLZlSaNnRlnVvy,Ma définition,spotify:track:0n3wYb9lcLZlSaNnRlnVvy,0.0475,0.621,0.816,0.0,0.292,-5.91,0.39799999999999996,91.943,0.711,47
171,275,Temps mort,Booba,5,17Brxsp87dg12UkXZaqh5q,Jusqu'ici tout va bien,spotify:track:17Brxsp87dg12UkXZaqh5q,0.045,0.8270000000000001,0.7879999999999999,0.000443,0.129,-6.162999999999999,0.257,90.15899999999999,0.513,39
172,276,Temps mort,Booba,6,0eA6A6COGwb1yyhTRCrgq2,Repose en paix,spotify:track:0eA6A6COGwb1yyhTRCrgq2,0.0526,0.737,0.66,0.00183,0.2,-5.0889999999999995,0.215,95.62299999999999,0.22,43
173,277,Temps mort,Booba,7,4BeNvBmhaklMbPPEQDNF3V,Le bitume avec une plume,spotify:track:4BeNvBmhaklMbPPEQDNF3V,0.0804,0.6659999999999999,0.7509999999999999,6.61e-06,0.698,-4.879,0.163,93.196,0.217,39
174,278,Temps mort,Booba,8,6cMdPcNmJZYXS5gRKUcRYG,Animals,spotify:track:6cMdPcNmJZYXS5gRKUcRYG,0.0244,0.7659999999999999,0.873,2.57e-06,0.221,-3.977,0.22899999999999998,94.509,0.5589999999999999,32
175,279,Temps mort,Booba,9,36dqFQCjjNTA8XWa4CsjZy,Sans ratures,spotify:track:36dqFQCjjNTA8XWa4CsjZy,0.00355,0.625,0.7709999999999999,0.0,0.113,-5.687,0.251,87.506,0.584,33
176,280,Temps mort,Booba,10,6i1sECuWmRVZmc7EjFaIIa,Interlude,spotify:track:6i1sECuWmRVZmc7EjFaIIa,0.4,0.513,0.563,0.000181,0.28800000000000003,-8.163,0.14400000000000002,171.987,0.40299999999999997,37
177,281,Temps mort,Booba,11,6XGdkqGhFu7B4bNxR0duSW,100-8 Zoo,spotify:track:6XGdkqGhFu7B4bNxR0duSW,0.2,0.7979999999999999,0.735,4.93e-05,0.0268,-5.382000000000001,0.19399999999999998,91.036,0.44,32
178,282,Temps mort,Booba,12,27wjB3j8E3gnIP80LXBAA0,On m'a dit,spotify:track:27wjB3j8E3gnIP80LXBAA0,0.0824,0.807,0.762,2.3899999999999998e-05,0.255,-4.837,0.146,92.036,0.693,31
179,283,Temps mort,Booba,13,2d9NdPebS5lkJnJkn6z7Sf,Nouvelle école,spotify:track:2d9NdPebS5lkJnJkn6z7Sf,0.134,0.9209999999999999,0.701,0.0,0.134,-4.668,0.243,102.32,0.685,37
180,284,Temps mort,Booba,14,4cmxyDxcrNXqcONrwhQwck,De mauvaise augure,spotify:track:4cmxyDxcrNXqcONrwhQwck,0.0496,0.461,0.888,1.9e-05,0.5820000000000001,-6.263999999999999,0.395,85.134,0.433,31
181,285,Temps mort,Booba,15,7pv5RsBeILiqQvjDqZXPSM,Strass & paillettes,spotify:track:7pv5RsBeILiqQvjDqZXPSM,0.575,0.792,0.785,0.0,0.0779,-5.412999999999999,0.249,92.03399999999999,0.7090000000000001,35
182,286,Temps mort,Booba,16,4zz7ZKea2q50B7KnDAfJiI,Destinée,spotify:track:4zz7ZKea2q50B7KnDAfJiI,0.312,0.54,0.762,0.00349,0.22399999999999998,-5.562,0.28800000000000003,88.59700000000001,0.545,47
183,287,Temps mort,Booba,17,4Jq4de4gVntcJKouUzrZDj,Inédit,spotify:track:4Jq4de4gVntcJKouUzrZDj,0.14,0.83,0.8320000000000001,1.87e-05,0.0332,-5.67,0.336,89.90299999999999,0.642,35
0,0,Surnaturel,Rohff,1,74WFKwmOTxnZh08AvVmEiu,#SNTL,spotify:track:74WFKwmOTxnZh08AvVmEiu,0.0236,0.695,0.733,0.0,0.353,-5.428999999999999,0.27399999999999997,150.053,0.509,31
1,1,Surnaturel,Rohff,2,2mzRJdicmZgMTXDdTZaW86,#Rohffback,spotify:track:2mzRJdicmZgMTXDdTZaW86,0.0333,0.794,0.73,0.0,0.45799999999999996,-5.29,0.26,99.92399999999999,0.49700000000000005,31
2,2,Surnaturel,Rohff,3,1n8NBT0ee6TKoGtTI4NxXc,Persona non Grata,spotify:track:1n8NBT0ee6TKoGtTI4NxXc,0.345,0.727,0.872,0.0,0.27699999999999997,-5.693,0.226,135.989,0.226,32
3,3,Surnaturel,Rohff,4,2FoNFhIM0ceuhrXrOXmbwe,La force,spotify:track:2FoNFhIM0ceuhrXrOXmbwe,0.035,0.8009999999999999,0.7909999999999999,0.0,0.319,-5.653,0.113,99.99600000000001,0.405,39
4,4,Surnaturel,Rohff,5,04Gaas9ZthdCuf29plr0E2,Français 2.0,spotify:track:04Gaas9ZthdCuf29plr0E2,0.0339,0.795,0.8690000000000001,0.0026,0.179,-5.872999999999999,0.215,126.00399999999999,0.6629999999999999,22
5,5,Surnaturel,Rohff,6,3m39EpCI2owIVqfnQp9Rul,Au max,spotify:track:3m39EpCI2owIVqfnQp9Rul,0.0432,0.91,0.81,0.00419,0.0654,-4.486000000000001,0.171,107.969,0.733,23
6,6,Surnaturel,Rohff,7,4XwEisUZ1aMgtY2ayApbTT,Aime moi à l'imparfait,spotify:track:4XwEisUZ1aMgtY2ayApbTT,0.106,0.7490000000000001,0.7829999999999999,0.0,0.14,-4.784,0.133,93.943,0.644,36
7,7,Surnaturel,Rohff,8,0xY92s4P6TWLH0MiK4IXX5,Fille bien,spotify:track:0xY92s4P6TWLH0MiK4IXX5,0.00745,0.8029999999999999,0.715,6.56e-06,0.129,-6.7829999999999995,0.139,124.061,0.478,32
8,8,Surnaturel,Rohff,9,3WuL7WjWd7k2SdnUgyI3IC,Cadeaux de l'éternel,spotify:track:3WuL7WjWd7k2SdnUgyI3IC,0.138,0.775,0.605,0.0,0.318,-7.13,0.0711,139.937,0.531,24
9,9,Surnaturel,Rohff,10,0Y0AohrdtHgqXlOPBHbkzd,Toutes les douleurs,spotify:track:0Y0AohrdtHgqXlOPBHbkzd,0.467,0.825,0.857,0.0,0.217,-5.7829999999999995,0.21899999999999997,124.95700000000001,0.256,22
10,10,Surnaturel,Rohff,11,6AyZtvuUeurmJk8fTXkhf9,Malsain,spotify:track:6AyZtvuUeurmJk8fTXkhf9,0.008190000000000001,0.7929999999999999,0.759,0.0,0.0902,-5.787000000000001,0.11,79.008,0.322,22
11,11,Surnaturel,Rohff,12,19musJNlqCgr3QjQ53mp8a,J'ai passé l'âge,spotify:track:19musJNlqCgr3QjQ53mp8a,0.0293,0.82,0.7659999999999999,0.0,0.0991,-6.526,0.265,103.009,0.475,28
12,12,Surnaturel,Rohff,13,6hN9KrNpxqecI2NcgWmXmb,TeamRohff & honneur,spotify:track:6hN9KrNpxqecI2NcgWmXmb,0.0882,0.774,0.748,0.0,0.192,-6.92,0.259,99.01700000000001,0.439,25
13,13,Surnaturel,Rohff,14,7lT0EyDBGqOfs2gMGW8PJA,Street crédibilité,spotify:track:7lT0EyDBGqOfs2gMGW8PJA,0.0985,0.7909999999999999,0.7559999999999999,0.0,0.0602,-6.025,0.301,77.422,0.8240000000000001,23
14,14,Surnaturel,Rohff,15,0Fu0YH9PpEYKXgNx9jJrSp,Testament II,spotify:track:0Fu0YH9PpEYKXgNx9jJrSp,0.0285,0.6509999999999999,0.688,0.0,0.185,-6.301,0.364,160.017,0.473,33
15,15,Surnaturel,Rohff,1,5WOFRLXv93u4U8XgBB1JYJ,J'arrache tout,spotify:track:5WOFRLXv93u4U8XgBB1JYJ,0.136,0.78,0.7829999999999999,0.0,0.309,-4.624,0.247,85.056,0.33399999999999996,27
16,16,Surnaturel,Rohff,2,1DWImWZqhB0ECnlbK75P0A,Frérot 2.0,spotify:track:1DWImWZqhB0ECnlbK75P0A,0.0811,0.504,0.774,0.0,0.37,-4.57,0.34,176.563,0.47700000000000004,22
17,17,Surnaturel,Rohff,3,0iwJVeeHOd9ebpv9jrPSQp,9+4=13,spotify:track:0iwJVeeHOd9ebpv9jrPSQp,0.0251,0.7140000000000001,0.7909999999999999,0.0,0.34299999999999997,-5.542000000000001,0.217,118.288,0.138,25
18,18,Surnaturel,Rohff,4,2nVxGau3s1kZSBF0Ung7Of,Meurtrier,spotify:track:2nVxGau3s1kZSBF0Ung7Of,0.00233,0.815,0.716,0.0,0.222,-7.1610000000000005,0.11,129.99,0.457,20
19,19,Surnaturel,Rohff,5,2xN3HxDFeh2N3nhrZE8Wgo,À la zonmai,spotify:track:2xN3HxDFeh2N3nhrZE8Wgo,0.0017,0.718,0.7340000000000001,0.0,0.14300000000000002,-5.952000000000001,0.14400000000000002,94.00399999999999,0.364,23
20,20,Surnaturel,Rohff,6,50q5uoLXaHhMzPKEUvF11P,Du love,spotify:track:50q5uoLXaHhMzPKEUvF11P,0.0808,0.8370000000000001,0.8,1.4300000000000002e-05,0.159,-5.912999999999999,0.149,102.01,0.8590000000000001,24
21,21,Surnaturel,Rohff,7,5niBtVsYpihCwYxqRsmnKk,Combien tu coûtes,spotify:track:5niBtVsYpihCwYxqRsmnKk,0.141,0.8170000000000001,0.682,0.0,0.155,-8.902999999999999,0.326,123.0,0.44,19
22,22,Surnaturel,Rohff,8,7efVmrhMAtcxeHvbzF3Rhk,Fin du monde,spotify:track:7efVmrhMAtcxeHvbzF3Rhk,0.106,0.7440000000000001,0.736,0.0,0.146,-5.752000000000001,0.302,133.878,0.38799999999999996,20
23,23,Surnaturel,Rohff,9,6U7WYM2yLZNefrfRya6xee,Happy,spotify:track:6U7WYM2yLZNefrfRya6xee,0.00037,0.768,0.777,0.000126,0.35600000000000004,-6.077000000000001,0.0759,90.991,0.228,21
24,24,Surnaturel,Rohff,10,3XPex5UOl0u84SRGSoibYH,Ma vie,spotify:track:3XPex5UOl0u84SRGSoibYH,0.0168,0.882,0.718,0.0,0.11599999999999999,-6.956,0.096,111.96,0.684,22
25,25,Surnaturel,Rohff,11,0YH8U66gKAGYmM1Nm5Vd4r,Loup solitaire,spotify:track:0YH8U66gKAGYmM1Nm5Vd4r,0.0384,0.878,0.763,8.79e-06,0.141,-6.007999999999999,0.166,130.04399999999998,0.621,22
26,26,Surnaturel,Rohff,12,4oA8mOAzzkhtuNtqv7jgEI,Sérieux,spotify:track:4oA8mOAzzkhtuNtqv7jgEI,0.0591,0.6890000000000001,0.645,0.0,0.0679,-5.696000000000001,0.19899999999999998,155.89,0.518,19
27,27,Surnaturel,Rohff,13,01A2oRiz2bSes7ylZgp9xv,Dr Dre,spotify:track:01A2oRiz2bSes7ylZgp9xv,0.0612,0.7979999999999999,0.8220000000000001,3.46e-06,0.33399999999999996,-5.17,0.318,88.00399999999999,0.619,22
28,28,Surnaturel,Rohff,14,6Tbz058uggKOc7wrTLDi37,Trop de fierté,spotify:track:6Tbz058uggKOc7wrTLDi37,0.105,0.747,0.6579999999999999,0.0,0.0849,-7.397,0.193,106.052,0.21899999999999997,25
29,29,Surnaturel,Rohff,15,4UH3btnYmCnqbqMZjB7iSD,Égal à moi-même,spotify:track:4UH3btnYmCnqbqMZjB7iSD,0.0929,0.535,0.584,0.0,0.654,-7.461,0.34600000000000003,175.033,0.161,25
30,30,Le Rohff Game,Rohff,1,5b4EgAUa1M3QGqpoB2WgId,Comme en 46,spotify:track:5b4EgAUa1M3QGqpoB2WgId,0.0282,0.716,0.8059999999999999,0.0,0.13699999999999998,-3.003,0.292,127.882,0.34600000000000003,24
31,31,Le Rohff Game,Rohff,2,23NQjyqIJA1VTvXRLjHi3E,Rohff Game,spotify:track:23NQjyqIJA1VTvXRLjHi3E,0.0418,0.809,0.904,0.0,0.182,-3.964,0.282,94.015,0.455,35
32,32,Le Rohff Game,Rohff,3,37X9COicS5kjEySHte93q9,La crème de la crème,spotify:track:37X9COicS5kjEySHte93q9,0.0895,0.501,0.9520000000000001,0.0,0.20199999999999999,-3.073,0.439,105.79299999999999,0.61,24
33,33,Le Rohff Game,Rohff,4,35P6fkJknXMfo1fsPuMZyk,Vrai reconnait vrai,spotify:track:35P6fkJknXMfo1fsPuMZyk,0.00267,0.601,0.8340000000000001,0.0,0.113,-3.2889999999999997,0.27399999999999997,127.949,0.528,21
34,34,Le Rohff Game,Rohff,5,7vO5lYwjWuoGAgrFJ9poGy,Star,spotify:track:7vO5lYwjWuoGAgrFJ9poGy,0.0838,0.713,0.6920000000000001,0.0,0.544,-3.9,0.0774,122.04700000000001,0.191,17
35,35,Le Rohff Game,Rohff,6,2OWO1HdYrlPujksSjz5SOd,O top,spotify:track:2OWO1HdYrlPujksSjz5SOd,0.0697,0.7440000000000001,0.9009999999999999,0.0,0.0832,-2.202,0.256,100.04700000000001,0.245,16
36,36,Le Rohff Game,Rohff,7,04EdVSJKGoNFxmWfEuwReN,Ils nous connaissent pas,spotify:track:04EdVSJKGoNFxmWfEuwReN,0.105,0.838,0.7909999999999999,0.0,0.0628,-4.981,0.317,142.059,0.815,17
37,37,Le Rohff Game,Rohff,8,0uKNrYCzz555gG98HruelG,Bijou,spotify:track:0uKNrYCzz555gG98HruelG,0.0123,0.664,0.7709999999999999,0.0,0.233,-5.566,0.293,97.897,0.397,23
38,38,Le Rohff Game,Rohff,9,4CjtlUJy2aQ3ljytxwPcXD,Bitch n'a pas de coeur,spotify:track:4CjtlUJy2aQ3ljytxwPcXD,0.111,0.873,0.905,0.0,0.233,-4.939,0.353,100.02600000000001,0.562,17
39,39,Le Rohff Game,Rohff,10,3F9qWleJDvyiaxj52cCARy,Trop gang,spotify:track:3F9qWleJDvyiaxj52cCARy,0.0692,0.785,0.8340000000000001,0.0,0.213,-3.8680000000000003,0.324,94.07,0.37200000000000005,15
40,40,Le Rohff Game,Rohff,11,4jEnW9zYe3k6Kv9Q67MVYk,Vitry Sur Haine,spotify:track:4jEnW9zYe3k6Kv9Q67MVYk,0.00047400000000000003,0.517,0.76,0.0,0.171,-5.6129999999999995,0.289,90.164,0.14800000000000002,19
41,41,Le Rohff Game,Rohff,12,5goqZARYS0TgXS1hwpYgHV,Les anciens,spotify:track:5goqZARYS0TgXS1hwpYgHV,0.12,0.5760000000000001,0.736,0.0,0.152,-4.085,0.36200000000000004,179.76,0.22399999999999998,19
42,42,Le Rohff Game,Rohff,13,3RLr90PG8E0JR3WKiJhuPm,My Nigga My Rebeu,spotify:track:3RLr90PG8E0JR3WKiJhuPm,0.22399999999999998,0.583,0.836,0.0,0.13699999999999998,-5.716,0.413,86.65700000000001,0.7390000000000001,17
43,43,Le Rohff Game,Rohff,14,7eRgWsmUlEfZGAlVRLDFsW,Le coup du siècle,spotify:track:7eRgWsmUlEfZGAlVRLDFsW,0.401,0.7340000000000001,0.8240000000000001,0.0,0.121,-4.355,0.39,78.844,0.547,17
44,44,Le Rohff Game,Rohff,15,3velrlJt0OJSrRsA9FVyKy,L'appât du gain,spotify:track:3velrlJt0OJSrRsA9FVyKy,0.0751,0.87,0.907,0.0,0.154,-3.806,0.28300000000000003,104.936,0.45299999999999996,18
45,45,Le Rohff Game,Rohff,16,5ASp63cRxh4RJ5CzTKvuqr,L'argent parle,spotify:track:5ASp63cRxh4RJ5CzTKvuqr,0.0383,0.539,0.7390000000000001,0.0,0.127,-4.478,0.0717,118.102,0.218,14
46,46,Le Rohff Game,Rohff,17,6pcrQyONnZ8oQs8o0ZayN1,AK 47 monologue,spotify:track:6pcrQyONnZ8oQs8o0ZayN1,0.0302,0.46299999999999997,0.893,0.0,0.0648,-2.8680000000000003,0.373,177.792,0.18,32
47,47,Le Rohff Game,Rohff,18,21IAyN5N55Hoet8RSXMWU7,Street Bourgeoisie,spotify:track:21IAyN5N55Hoet8RSXMWU7,0.0139,0.826,0.895,1.88e-05,0.17300000000000001,-2.6039999999999996,0.24100000000000002,158.01,0.496,18
48,48,Le Rohff Game,Rohff,19,7HDZTT0qKnAzbS51Km4eK4,La famille,spotify:track:7HDZTT0qKnAzbS51Km4eK4,0.171,0.601,0.861,0.0,0.153,-3.358,0.184,150.002,0.5920000000000001,17
49,94,"P.D.R.G. (Pouvoir, Danger, Respect & Game)",Rohff,13,2bUI8BF8iN7usQmnt5tieg,Doggy Style,spotify:track:2bUI8BF8iN7usQmnt5tieg,0.00062,0.787,0.66,0.0,0.122,-7.082000000000001,0.294,78.009,0.542,0
50,95,"P.D.R.G. (Pouvoir, Danger, Respect & Game)",Rohff,1,4IqqiV1bFvFbGkpnhqp3em,King,spotify:track:4IqqiV1bFvFbGkpnhqp3em,0.0192,0.674,0.9059999999999999,2.71e-06,0.21100000000000002,-4.791,0.358,150.488,0.34600000000000003,18
51,96,"P.D.R.G. (Pouvoir, Danger, Respect & Game)",Rohff,2,1Bw4Rgvi40pGaLkyJGYCKr,P.D.R.G,spotify:track:1Bw4Rgvi40pGaLkyJGYCKr,0.00494,0.485,0.823,0.0,0.079,-4.552,0.248,85.97,0.139,22
52,97,"P.D.R.G. (Pouvoir, Danger, Respect & Game)",Rohff,3,09dJAr4l3rwwlX0vyLsMGK,Maudit,spotify:track:09dJAr4l3rwwlX0vyLsMGK,0.0432,0.649,0.89,0.0,0.239,-4.593999999999999,0.35700000000000004,155.929,0.441,31
53,98,"P.D.R.G. (Pouvoir, Danger, Respect & Game)",Rohff,4,10gnisf96f4EhEiqRNADm6,Instable,spotify:track:10gnisf96f4EhEiqRNADm6,0.0403,0.6659999999999999,0.922,0.0,0.0891,-4.235,0.26899999999999996,143.82,0.645,20
54,99,"P.D.R.G. (Pouvoir, Danger, Respect & Game)",Rohff,5,4vMHIcfTMRlRP1czLUaVkO,Futurs nouveaux amis,spotify:track:4vMHIcfTMRlRP1czLUaVkO,0.00998,0.644,0.871,0.0,0.0658,-4.649,0.35100000000000003,172.003,0.196,24
55,100,"P.D.R.G. (Pouvoir, Danger, Respect & Game)",Rohff,6,3ZTeA98WSgEC2Aq319q8C9,Interlude Tu vois de qui j'parle,spotify:track:3ZTeA98WSgEC2Aq319q8C9,0.8690000000000001,0.693,0.425,0.0,0.0866,-15.977,0.9570000000000001,88.23299999999999,0.23800000000000002,20
56,101,"P.D.R.G. (Pouvoir, Danger, Respect & Game)",Rohff,7,54U4T9gs5cAw6MW2bGCO9K,Zlatana,spotify:track:54U4T9gs5cAw6MW2bGCO9K,0.0037700000000000003,0.826,0.42700000000000005,0.0,0.151,-5.367000000000001,0.0711,132.974,0.18100000000000002,39
57,102,"P.D.R.G. (Pouvoir, Danger, Respect & Game)",Rohff,8,7hPMgWSaalOqWGH7b9YWQL,Ti amo t'es à moi (feat. Amel Bent),spotify:track:7hPMgWSaalOqWGH7b9YWQL,0.44299999999999995,0.784,0.619,0.0,0.10800000000000001,-5.547999999999999,0.23800000000000002,149.99,0.654,29
58,103,"P.D.R.G. (Pouvoir, Danger, Respect & Game)",Rohff,9,6VU2I6gV1bLcl84wL3HGQM,J'accélère,spotify:track:6VU2I6gV1bLcl84wL3HGQM,0.0242,0.467,0.9,0.0,0.365,-4.553,0.344,92.18299999999999,0.42200000000000004,37
59,104,"P.D.R.G. (Pouvoir, Danger, Respect & Game)",Rohff,10,05UqHnaS90VTTki44qdkri,L'Oseille,spotify:track:05UqHnaS90VTTki44qdkri,0.0272,0.772,0.914,0.0,0.0648,-4.476,0.155,93.96600000000001,0.366,26
60,105,"P.D.R.G. (Pouvoir, Danger, Respect & Game)",Rohff,11,2kj3MSxLxhxKoTdVVFkK4h,N double a,spotify:track:2kj3MSxLxhxKoTdVVFkK4h,0.0487,0.657,0.8390000000000001,0.0,0.20600000000000002,-6.7,0.408,85.80799999999999,0.633,20
61,106,"P.D.R.G. (Pouvoir, Danger, Respect & Game)",Rohff,12,2dOtOcIy32bvFp3TFi4adR,Mon son,spotify:track:2dOtOcIy32bvFp3TFi4adR,0.11800000000000001,0.616,0.8740000000000001,0.0,0.18899999999999997,-7.385,0.254,158.067,0.7,20
62,107,"P.D.R.G. (Pouvoir, Danger, Respect & Game)",Rohff,13,2AXQ8mrkgp942A5KsBQCGr,Interlude La Voix du ter-ter,spotify:track:2AXQ8mrkgp942A5KsBQCGr,0.755,0.625,0.24600000000000002,0.0,0.225,-11.59,0.0852,84.49,0.0,0
63,108,"P.D.R.G. (Pouvoir, Danger, Respect & Game)",Rohff,14,3jlgXoM4UHM01tTjadlc69,Embrouille (feat. TLF),spotify:track:3jlgXoM4UHM01tTjadlc69,0.0137,0.703,0.893,0.0,0.28,-4.752,0.193,92.514,0.43,24
64,109,"P.D.R.G. (Pouvoir, Danger, Respect & Game)",Rohff,1,7vvqY6srXax3zqmt6Vo1V0,K-sos Musik,spotify:track:7vvqY6srXax3zqmt6Vo1V0,0.0164,0.762,0.8320000000000001,0.0,0.348,-4.099,0.27399999999999997,150.039,0.42100000000000004,27
65,110,"P.D.R.G. (Pouvoir, Danger, Respect & Game)",Rohff,2,3jilzrAk75iBSlbi6exEcH,Rap jeux,spotify:track:3jilzrAk75iBSlbi6exEcH,0.311,0.6859999999999999,0.902,0.0,0.493,-5.386,0.35100000000000003,74.023,0.6809999999999999,17
66,111,"P.D.R.G. (Pouvoir, Danger, Respect & Game)",Rohff,3,5L5kRCMMjs2JjdXeeOyMzm,El padre,spotify:track:5L5kRCMMjs2JjdXeeOyMzm,0.0786,0.888,0.858,0.0,0.0837,-7.462999999999999,0.294,132.019,0.851,22
67,112,"P.D.R.G. (Pouvoir, Danger, Respect & Game)",Rohff,4,0vUp2rOaI16sjNkohDEPi6,Déterminé,spotify:track:0vUp2rOaI16sjNkohDEPi6,0.0112,0.826,0.743,0.0,0.0933,-6.065,0.172,93.044,0.213,29
68,113,"P.D.R.G. (Pouvoir, Danger, Respect & Game)",Rohff,5,0edxedTgqVpRIWI2dOI81o,Interlude En mode 1 en mode 2,spotify:track:0edxedTgqVpRIWI2dOI81o,0.774,0.475,0.8909999999999999,4.06e-06,0.312,-11.402999999999999,0.47700000000000004,97.964,0.0899,13
69,114,"P.D.R.G. (Pouvoir, Danger, Respect & Game)",Rohff,6,5a0jaDWJgzbSFdx0uYG3I2,En mode 3,spotify:track:5a0jaDWJgzbSFdx0uYG3I2,0.0318,0.884,0.763,0.0,0.121,-4.6080000000000005,0.165,95.007,0.33,18
70,115,"P.D.R.G. (Pouvoir, Danger, Respect & Game)",Rohff,7,5i3qNetjg3y2LFsXLxCcXJ,#TeamRohff,spotify:track:5i3qNetjg3y2LFsXLxCcXJ,0.24600000000000002,0.782,0.8640000000000001,0.0,0.0753,-4.646,0.253,135.041,0.457,16
71,116,"P.D.R.G. (Pouvoir, Danger, Respect & Game)",Rohff,8,2i6MdYWCEsVvyqIJ1qGWWI,Zga,spotify:track:2i6MdYWCEsVvyqIJ1qGWWI,0.0334,0.862,0.882,0.0,0.068,-5.915,0.24,97.47,0.49,16
72,117,"P.D.R.G. (Pouvoir, Danger, Respect & Game)",Rohff,9,6xaegR0hnLxcrdJ7v1AMF3,Différent,spotify:track:6xaegR0hnLxcrdJ7v1AMF3,0.12,0.679,0.76,0.0,0.0939,-6.327000000000001,0.258,140.037,0.713,19
73,118,"P.D.R.G. (Pouvoir, Danger, Respect & Game)",Rohff,10,1oYVvIiYUkf0VfO2F9OrpG,L'Artiste,spotify:track:1oYVvIiYUkf0VfO2F9OrpG,0.065,0.76,0.868,0.0,0.205,-3.9930000000000003,0.321,116.619,0.37799999999999995,26
74,119,"P.D.R.G. (Pouvoir, Danger, Respect & Game)",Rohff,11,053F7yRkEZjpMcDPyqnYxF,J'assume,spotify:track:053F7yRkEZjpMcDPyqnYxF,0.0174,0.6709999999999999,0.925,0.0,0.325,-4.404,0.259,150.99200000000002,0.42100000000000004,22
75,120,"P.D.R.G. (Pouvoir, Danger, Respect & Game)",Rohff,12,0pSDxEsxkkQVAY38ys6mGN,Dounia,spotify:track:0pSDxEsxkkQVAY38ys6mGN,0.0105,0.809,0.836,0.0,0.0571,-4.696000000000001,0.325,93.04299999999999,0.29600000000000004,36
76,139,La cuenta [Edition Deluxe],Rohff,1,2oAWzXUNNwrYIYS4ts47vt,Rohffvolution,spotify:track:2oAWzXUNNwrYIYS4ts47vt,0.0057399999999999994,0.815,0.9490000000000001,0.000121,0.276,-4.042,0.27399999999999997,102.99799999999999,0.7240000000000001,10
77,140,La cuenta [Edition Deluxe],Rohff,2,08FZWUC4ytoQ6qpYH75ydB,Machine de guerre,spotify:track:08FZWUC4ytoQ6qpYH75ydB,0.00414,0.467,0.903,0.0,0.794,-3.944,0.47200000000000003,175.96400000000003,0.563,14
78,141,La cuenta [Edition Deluxe],Rohff,3,0UCq3DOwKlxRfMzK1NQrUo,Anticonformiste,spotify:track:0UCq3DOwKlxRfMzK1NQrUo,0.0911,0.581,0.882,0.0,0.0675,-4.2410000000000005,0.263,169.988,0.611,18
79,142,La cuenta [Edition Deluxe],Rohff,4,6CxVqWBGyaeiHXfQQRoJQv,Dans tes yeux,spotify:track:6CxVqWBGyaeiHXfQQRoJQv,0.0307,0.79,0.8690000000000001,0.0,0.326,-4.218,0.322,82.993,0.613,18
80,143,La cuenta [Edition Deluxe],Rohff,5,4uuRbps1pn0bVdOCoLbMMB,Dans ma werss - Version longue,spotify:track:4uuRbps1pn0bVdOCoLbMMB,0.034,0.457,0.9129999999999999,2.7300000000000003e-05,0.115,-4.011,0.462,119.05,0.38799999999999996,18
81,144,La cuenta [Edition Deluxe],Rohff,6,66TWSHCpH4DKl394vMorda,Animal (feat. Francisco L.Correa),spotify:track:66TWSHCpH4DKl394vMorda,0.0247,0.8079999999999999,0.887,0.0,0.223,-4.878,0.255,123.00299999999999,0.71,20
82,145,La cuenta,Rohff,1,4kDVuP2l68TnMHNqu8ioD6,C'est comment?,spotify:track:4kDVuP2l68TnMHNqu8ioD6,0.0613,0.693,0.895,0.0,0.11599999999999999,-3.514,0.308,92.344,0.36700000000000005,19
83,146,La cuenta,Rohff,2,6PASRY90Dfc58OCohvjgIz,Rien à prouver,spotify:track:6PASRY90Dfc58OCohvjgIz,0.0349,0.809,0.863,0.0,0.096,-3.5989999999999998,0.21899999999999997,121.015,0.604,22
84,147,La cuenta,Rohff,3,2MTkp6LmItqnHIv5WwhHm9,Next Level (feat. Wynter Gordon),spotify:track:2MTkp6LmItqnHIv5WwhHm9,0.0266,0.728,0.792,0.0,0.14300000000000002,-5.608,0.0803,114.98100000000001,0.498,19
85,148,La cuenta,Rohff,4,17wquAd0yfXumwR6Z5QGpA,On va le faire,spotify:track:17wquAd0yfXumwR6Z5QGpA,0.0205,0.6659999999999999,0.9179999999999999,0.0,0.349,-3.698,0.327,83.875,0.5429999999999999,17
86,149,La cuenta,Rohff,5,5WNXO4sAhQP8yTN3Ai0BNT,Tu pardonneras (feat. Jena Lee),spotify:track:5WNXO4sAhQP8yTN3Ai0BNT,0.0641,0.6679999999999999,0.871,0.0,0.0715,-3.875,0.147,150.035,0.528,25
87,150,La cuenta,Rohff,6,790Olsu0KWpSSRzttj9Txr,Qui veut ma peau? (feat. Nicky B.),spotify:track:790Olsu0KWpSSRzttj9Txr,0.0165,0.662,0.82,0.0,0.21,-4.29,0.0372,147.014,0.363,17
88,151,La cuenta,Rohff,7,3iw5btc9NTCaJnSn9CUJi5,On fait le taf,spotify:track:3iw5btc9NTCaJnSn9CUJi5,0.0453,0.635,0.951,0.0,0.27399999999999997,-4.397,0.278,148.266,0.614,17
89,152,La cuenta,Rohff,8,1NToPvQe9pgbymMn3LdD2M,Thug Mariage - feat. Indila,spotify:track:1NToPvQe9pgbymMn3LdD2M,0.018000000000000002,0.645,0.805,0.0,0.11599999999999999,-4.257,0.264,85.95299999999999,0.29100000000000004,54
90,153,La cuenta,Rohff,9,0BQIpNhKy0yRXrYN8mt1jE,Célibatard (feat. JMi Sissoko),spotify:track:0BQIpNhKy0yRXrYN8mt1jE,0.0291,0.7290000000000001,0.7909999999999999,0.0,0.0427,-5.246,0.126,94.99700000000001,0.45399999999999996,21
91,154,La cuenta,Rohff,10,1ef1jQvH66IeIHHLG8jUx4,Loup 2 la classe,spotify:track:1ef1jQvH66IeIHHLG8jUx4,0.00821,0.47600000000000003,0.865,0.0,0.0366,-3.924,0.381,77.789,0.6629999999999999,20
92,155,La cuenta,Rohff,11,5KCOYH1M0JCCAdDY7RfvVz,La cuenta (feat. Lumidee),spotify:track:5KCOYH1M0JCCAdDY7RfvVz,0.00079,0.8320000000000001,0.769,0.00041900000000000005,0.298,-4.681,0.247,105.978,0.526,22
93,156,La cuenta,Rohff,12,0yRZajcCykFbwq6qiWiET7,Fais doucement (feat. Zaho),spotify:track:0yRZajcCykFbwq6qiWiET7,0.0293,0.743,0.852,0.0,0.133,-4.6,0.0844,110.984,0.713,23
94,157,La cuenta,Rohff,13,5fcQ3XhQGhQg3iwgPLqVCW,Trafiquant 2 classic,spotify:track:5fcQ3XhQGhQg3iwgPLqVCW,0.00159,0.6629999999999999,0.725,0.0,0.0619,-4.91,0.318,93.11399999999999,0.415,21
95,158,La cuenta,Rohff,14,6A9rmVVT3GjaovzH9gbX0O,Dans ma werss,spotify:track:6A9rmVVT3GjaovzH9gbX0O,0.0522,0.402,0.925,8.35e-06,0.37799999999999995,-4.407,0.833,73.428,0.355,26
96,159,La cuenta,Rohff,15,6cz8GsHqOs07J4Bp5GDmuo,Fais-moi la passe (feat. Karim Benzema),spotify:track:6cz8GsHqOs07J4Bp5GDmuo,0.0645,0.865,0.871,0.0,0.621,-3.852,0.3,113.993,0.517,24
97,160,La cuenta,Rohff,16,6x03yddc1OVf3ibAN7m08g,On peut pas tout avoir (feat. La Fouine),spotify:track:6x03yddc1OVf3ibAN7m08g,0.055,0.6559999999999999,0.725,0.0,0.19,-5.712999999999999,0.325,172.997,0.428,20
98,161,La cuenta,Rohff,17,0jji68tsa4jcfeG0vDkWXL,Les Choses simples,spotify:track:0jji68tsa4jcfeG0vDkWXL,0.316,0.7140000000000001,0.8,0.0,0.33399999999999996,-4.65,0.20199999999999999,95.99799999999999,0.535,24
99,162,La cuenta,Rohff,18,4k84OIP9WCCJBCBJXBbaeW,Revers de la médaille,spotify:track:4k84OIP9WCCJBCBJXBbaeW,0.0209,0.7559999999999999,0.737,1.17e-06,0.0968,-5.864,0.21600000000000003,101.96,0.39299999999999996,20
100,163,Le Code De L'horreur,Rohff,1,0Q2V3BgdeM9UdrUjb1PavJ,Rap Game,spotify:track:0Q2V3BgdeM9UdrUjb1PavJ,0.163,0.851,0.8079999999999999,0.0,0.126,-3.6839999999999997,0.327,83.994,0.489,36
101,164,Le Code De L'horreur,Rohff,2,5WmLQGYipNpTbu9HMC0QgT,J'arrive,spotify:track:5WmLQGYipNpTbu9HMC0QgT,0.17800000000000002,0.7709999999999999,0.687,0.0,0.107,-3.8960000000000004,0.335,85.936,0.326,35
102,165,Le Code De L'horreur,Rohff,3,4nvsg6V0aJ2rhWlwX2ax8D,L'Expression du malaise,spotify:track:4nvsg6V0aJ2rhWlwX2ax8D,0.218,0.616,0.943,0.0,0.131,-2.5780000000000003,0.324,92.915,0.589,28
103,166,Le Code De L'horreur,Rohff,4,6RjXsIBi1qZmzeA2oSoVf7,K-Sos for Life,spotify:track:6RjXsIBi1qZmzeA2oSoVf7,0.0379,0.799,0.879,0.0,0.251,-3.5660000000000003,0.254,99.01799999999999,0.561,29
104,167,Le Code De L'horreur,Rohff,5,4pxo79ekaE9ekMdUfZtzwB,Repris de justesse,spotify:track:4pxo79ekaE9ekMdUfZtzwB,0.0115,0.435,0.9390000000000001,0.0,0.109,-3.13,0.435,175.33900000000003,0.446,39
105,168,Le Code De L'horreur,Rohff,6,4ZJrdLWqrHgDWYxOPdTJNy,Sans amour,spotify:track:4ZJrdLWqrHgDWYxOPdTJNy,0.0397,0.568,0.9009999999999999,0.0,0.156,-3.487,0.344,159.814,0.40700000000000003,29
106,169,Le Code De L'horreur,Rohff,7,1JULdwiF8DKnSDmMMxyUZX,Si seul,spotify:track:1JULdwiF8DKnSDmMMxyUZX,0.0644,0.581,0.8190000000000001,0.0,0.14800000000000002,-4.122,0.252,80.007,0.32299999999999995,28
107,170,Le Code De L'horreur,Rohff,8,3CB5FwfrH5YZyWhHXbogCC,Hysteric love,spotify:track:3CB5FwfrH5YZyWhHXbogCC,0.0345,0.633,0.746,0.0,0.508,-5.209,0.17600000000000002,84.959,0.5489999999999999,39
108,171,Le Code De L'horreur,Rohff,9,7apoo5ErcVtXaLdOkGdh1q,La Grande classe,spotify:track:7apoo5ErcVtXaLdOkGdh1q,0.0759,0.706,0.961,0.0,0.33399999999999996,-2.7230000000000003,0.17300000000000001,86.509,0.512,39
109,172,Le Code De L'horreur,Rohff,10,38VaX3evmHUinzqnowe3h5,Que pour les vrais,spotify:track:38VaX3evmHUinzqnowe3h5,0.0406,0.568,0.8590000000000001,0.0,0.365,-5.1979999999999995,0.447,178.002,0.311,35
110,173,Le Code De L'horreur,Rohff,11,2IQjGK7qDz0z3nY3PVUxHt,Paris,spotify:track:2IQjGK7qDz0z3nY3PVUxHt,0.0188,0.392,0.9079999999999999,0.0,0.309,-2.559,0.326,79.604,0.6559999999999999,34
111,174,Le Code De L'horreur,Rohff,12,0IMOMvZ3iFJ51btX80p6iR,Sévère,spotify:track:0IMOMvZ3iFJ51btX80p6iR,0.36700000000000005,0.715,0.9390000000000001,3.91e-05,0.428,-2.455,0.17300000000000001,82.99700000000001,0.708,26
112,175,Le Code De L'horreur,Rohff,13,6OZt2ZxComIqkK5zGU8j5x,Rien de spécial,spotify:track:6OZt2ZxComIqkK5zGU8j5x,0.16399999999999998,0.6,0.951,0.0,0.136,-2.68,0.294,83.014,0.5,26
113,176,Le Code De L'horreur,Rohff,14,7FLN24no061aefujO9bgzR,Progress,spotify:track:7FLN24no061aefujO9bgzR,0.0719,0.602,0.897,0.0,0.0847,-3.39,0.297,82.24600000000001,0.6459999999999999,21
114,177,Le Code De L'horreur,Rohff,15,07LsiedycZCtVFvpyZDfNZ,Pyromane,spotify:track:07LsiedycZCtVFvpyZDfNZ,0.0151,0.784,0.909,0.0,0.131,-4.386,0.225,148.012,0.71,24
115,178,Le Code De L'horreur,Rohff,16,2cOBukFts7OYflvepTFhfC,Le Virus,spotify:track:2cOBukFts7OYflvepTFhfC,0.336,0.795,0.851,0.0,0.155,-4.457,0.297,93.024,0.6759999999999999,28
116,179,Le Code De L'horreur,Rohff,17,4pa6S4KKjWPNfHRSg1jOoL,Testament,spotify:track:4pa6S4KKjWPNfHRSg1jOoL,0.0111,0.5,0.855,0.0,0.153,-2.26,0.401,82.427,0.20800000000000002,43
117,180,Le Code De L'horreur,Rohff,18,3WrQ3rarBCBFV95hyzeqvs,Mal à la vie,spotify:track:3WrQ3rarBCBFV95hyzeqvs,0.0093,0.499,0.825,1.26e-05,0.134,-4.512,0.17800000000000002,82.61200000000001,0.409,35
118,198,Le Code De L'horreur [Exclu SFR],Rohff,18,4UahKZU2OrRV4DXyUO0Rue,Classique,spotify:track:4UahKZU2OrRV4DXyUO0Rue,0.0726,0.754,0.83,0.0,0.0653,-3.778,0.27,94.454,0.45899999999999996,26
119,199,Le Cauchemar Du Rap Francais,Rohff,1,6fz5zuQlursqx3a2te89fQ,Intro Dj Mosko,spotify:track:6fz5zuQlursqx3a2te89fQ,0.40399999999999997,0.648,0.9390000000000001,0.0,0.275,-3.623,0.598,96.11399999999999,0.473,18
120,200,Le Cauchemar Du Rap Francais,Rohff,2,2RpfH0WFJbjoR58GPrfUYA,N°1,spotify:track:2RpfH0WFJbjoR58GPrfUYA,0.379,0.833,0.8059999999999999,0.0,0.17800000000000002,-3.037,0.27399999999999997,95.87200000000001,0.5589999999999999,22
121,201,Le Cauchemar Du Rap Francais,Rohff,3,0StTz8RyyuucrLBTFempls,94 mentale,spotify:track:0StTz8RyyuucrLBTFempls,0.0626,0.5760000000000001,0.9670000000000001,0.0,0.8690000000000001,-2.575,0.41700000000000004,88.04700000000001,0.38,32
122,202,Le Cauchemar Du Rap Francais,Rohff,4,7upI3UDHJcIyrezqeq4iKt,Baise tout,spotify:track:7upI3UDHJcIyrezqeq4iKt,0.00589,0.573,0.87,0.0,0.235,-3.089,0.271,166.90200000000002,0.512,21
123,203,Le Cauchemar Du Rap Francais,Rohff,5,51fHtUi3oHovPgm5FokqiM,Dirty hous,spotify:track:51fHtUi3oHovPgm5FokqiM,0.0935,0.647,0.893,0.0,0.35100000000000003,-2.492,0.326,164.392,0.643,32
124,204,Le Cauchemar Du Rap Francais,Rohff,6,7g2hCLVLiX18AtuNGBzAVt,Le pouvoir - remix,spotify:track:7g2hCLVLiX18AtuNGBzAVt,0.18,0.8240000000000001,0.9329999999999999,0.0,0.335,-3.295,0.382,81.535,0.767,24
125,205,Le Cauchemar Du Rap Francais,Rohff,7,0NFMTp9a9AgjFyGdF8Wldr,Principes,spotify:track:0NFMTp9a9AgjFyGdF8Wldr,0.24100000000000002,0.655,0.9690000000000001,0.0,0.536,-2.687,0.34,82.73899999999999,0.654,21
126,206,Le Cauchemar Du Rap Francais,Rohff,8,78nN9peLKHVYQ46MngsfLd,C'est comme ça,spotify:track:78nN9peLKHVYQ46MngsfLd,0.14300000000000002,0.72,0.9490000000000001,0.0,0.43,-1.6980000000000002,0.37,86.601,0.562,21
127,207,Le Cauchemar Du Rap Francais,Rohff,9,1v2J1ZTWkrLNhaS17xVShn,La violence,spotify:track:1v2J1ZTWkrLNhaS17xVShn,0.08,0.54,0.9390000000000001,9.78e-06,0.696,-3.51,0.52,80.97800000000001,0.6729999999999999,21
128,208,Le Cauchemar Du Rap Francais,Rohff,10,6Gs1SKLcjUyB4kvFvuCF9c,Gère,spotify:track:6Gs1SKLcjUyB4kvFvuCF9c,0.162,0.8009999999999999,0.972,0.0,0.302,-4.067,0.34600000000000003,78.28699999999999,0.5529999999999999,22
129,209,Le Cauchemar Du Rap Francais,Rohff,11,7c2RKiYFg3hMMw1L6dAqI4,La crise - Bonestyle Big Up,spotify:track:7c2RKiYFg3hMMw1L6dAqI4,0.11599999999999999,0.6579999999999999,0.884,0.0,0.282,-3.6710000000000003,0.285,130.689,0.55,23
130,210,Le Cauchemar Du Rap Francais,Rohff,12,56Xmky9JrnNm1FsQUnVdsi,Frais style radio 1,spotify:track:56Xmky9JrnNm1FsQUnVdsi,0.129,0.813,0.685,0.0,0.83,-5.377000000000001,0.405,100.863,0.669,20
131,211,Le Cauchemar Du Rap Francais,Rohff,13,7JMOY6caPyC2pfzbqTCQIa,J't'ai pas attendu - remix,spotify:track:7JMOY6caPyC2pfzbqTCQIa,0.231,0.737,0.91,0.0,0.446,-3.1919999999999997,0.33799999999999997,100.785,0.426,21
132,212,Le Cauchemar Du Rap Francais,Rohff,14,69hHM44g5D6Xy0579QufDa,Fumer 1 mec - remix,spotify:track:69hHM44g5D6Xy0579QufDa,0.0235,0.64,0.958,0.0,0.32,-4.426,0.369,101.887,0.653,18
133,213,Le Cauchemar Du Rap Francais,Rohff,15,11772PmVpsYSs3YvbD6vnS,Fais ce que j'te dis,spotify:track:11772PmVpsYSs3YvbD6vnS,0.00534,0.794,0.7929999999999999,0.0,0.539,-3.9960000000000004,0.306,92.006,0.5589999999999999,22
134,214,Le Cauchemar Du Rap Francais,Rohff,16,3BLO8neutY2dJA9gukIxCv,Avec ou sans,spotify:track:3BLO8neutY2dJA9gukIxCv,0.16899999999999998,0.706,0.884,0.0,0.682,-4.202,0.32899999999999996,91.796,0.593,22
135,215,Le Cauchemar Du Rap Francais,Rohff,17,1llR5pFoxXRKnGxG3Ky9eZ,Frais style radio 2,spotify:track:1llR5pFoxXRKnGxG3Ky9eZ,0.0541,0.684,0.9009999999999999,0.0,0.405,-4.149,0.369,92.461,0.669,22
136,216,Le Cauchemar Du Rap Francais,Rohff,18,3YUzKPYWScHBVf3WIirEGE,Frais style radio 3,spotify:track:3YUzKPYWScHBVf3WIirEGE,0.0736,0.6779999999999999,0.81,0.0,0.494,-3.196,0.375,91.135,0.506,19
137,217,Le Cauchemar Du Rap Francais,Rohff,19,0x4WzcLkJJbxKh11SBwwxt,Frais style radio 4,spotify:track:0x4WzcLkJJbxKh11SBwwxt,0.159,0.623,0.94,0.0,0.444,-4.291,0.24100000000000002,94.186,0.9520000000000001,22
138,219,Le Cauchemar Du Rap Francais,Rohff,21,2OslQezozP9djpdau8Vjh1,Vitryfénomène,spotify:track:2OslQezozP9djpdau8Vjh1,0.461,0.8170000000000001,0.878,0.0,0.128,-1.4969999999999999,0.366,92.65700000000001,0.515,33
139,220,Le Cauchemar Du Rap Francais,Rohff,22,5c3glJVYg3PEYKITWrmuXh,C'est comme ça 2,spotify:track:5c3glJVYg3PEYKITWrmuXh,0.55,0.677,0.858,0.0,0.625,-1.401,0.395,92.944,0.8,22
140,221,Le Cauchemar Du Rap Francais,Rohff,23,4DOIuNDQNmczPicYEARn9g,Boycott,spotify:track:4DOIuNDQNmczPicYEARn9g,0.21,0.755,0.856,0.0,0.35,-2.425,0.344,93.90299999999999,0.58,23
141,222,Le Cauchemar Du Rap Francais,Rohff,24,0zEKMHBY2TsUSxWxLnJjvy,Frais,spotify:track:0zEKMHBY2TsUSxWxLnJjvy,0.312,0.797,0.937,0.0,0.324,-2.736,0.207,93.98700000000001,0.642,36
142,223,Le Cauchemar Du Rap Francais,Rohff,25,2abxaZCNcb3Qu41c3ZO0xp,La puissance - remix,spotify:track:2abxaZCNcb3Qu41c3ZO0xp,0.40299999999999997,0.6859999999999999,0.857,0.0,0.36,-2.51,0.377,92.26700000000001,0.8640000000000001,17
143,224,Le Cauchemar Du Rap Francais,Rohff,26,0qWsVEpYcEVLosjdkcma0S,Excuse-moi,spotify:track:0qWsVEpYcEVLosjdkcma0S,0.157,0.706,0.895,0.0,0.171,-3.011,0.336,93.397,0.802,18
144,225,Le Cauchemar Du Rap Francais,Rohff,27,24iLspUTdgeV0nQnauWFJq,Frais style radio 5,spotify:track:24iLspUTdgeV0nQnauWFJq,0.0274,0.455,0.935,0.0,0.379,-4.297,0.413,94.054,0.675,19
145,226,Le Cauchemar Du Rap Francais,Rohff,28,2JmC1zFhDSlDW4vQQzoKhO,Frais style radio 6,spotify:track:2JmC1zFhDSlDW4vQQzoKhO,0.0393,0.44799999999999995,0.853,0.0,0.353,-3.095,0.384,178.412,0.48,20
146,227,Le Cauchemar Du Rap Francais,Rohff,29,1HtdBoGiZUdxfdSzWMfN61,Enculé de ton clash - remix,spotify:track:1HtdBoGiZUdxfdSzWMfN61,0.285,0.655,0.815,0.0,0.637,-3.569,0.402,84.205,0.593,18
147,228,Le Cauchemar Du Rap Francais,Rohff,30,3HccMgaoh2HGYRIjXaev02,Premier sur le ghetto - remix,spotify:track:3HccMgaoh2HGYRIjXaev02,0.39799999999999996,0.746,0.892,0.0,0.0786,-1.8230000000000002,0.33299999999999996,169.955,0.747,16
148,229,Le Cauchemar Du Rap Francais,Rohff,31,2WHXBs43lF5kLmZYnsGLIf,On Sait Ki,spotify:track:2WHXBs43lF5kLmZYnsGLIf,0.386,0.8079999999999999,0.83,0.0,0.316,-3.815,0.319,86.041,0.535,19
149,230,Au-Delà De Mes Limites,Rohff,1,6hLyyyL3dj96DdyP2Z419e,Le Cauchemar du rap français,spotify:track:6hLyyyL3dj96DdyP2Z419e,0.0025399999999999997,0.6659999999999999,0.909,0.0,0.419,-3.682,0.316,80.02,0.321,24
150,231,Au-Delà De Mes Limites,Rohff,2,1cWxCvep4soXYHkXDmJpSg,La Puissance,spotify:track:1cWxCvep4soXYHkXDmJpSg,0.0248,0.74,0.884,0.0,0.0788,-2.224,0.192,94.874,0.40399999999999997,51
151,232,Au-Delà De Mes Limites,Rohff,3,2YEcBZpzpFR7Wxwii0LBLc,J'espère que,spotify:track:2YEcBZpzpFR7Wxwii0LBLc,0.0245,0.6559999999999999,0.9209999999999999,0.00247,0.0928,-1.067,0.0849,87.993,0.248,26
152,233,Au-Delà De Mes Limites,Rohff,4,0EHlwoRbct3xjYC6yk4Z3h,Tout se paye,spotify:track:0EHlwoRbct3xjYC6yk4Z3h,0.0695,0.7709999999999999,0.785,0.0,0.0608,-3.767,0.327,96.708,0.594,23
153,235,Au-Delà De Mes Limites,Rohff,6,3esbWy9Ubu7ISWBaHDQsVt,Dis mon nom (avec Jasmin Lopez),spotify:track:3esbWy9Ubu7ISWBaHDQsVt,0.00869,0.7290000000000001,0.7609999999999999,0.0,0.27899999999999997,-6.295,0.292,99.794,0.6609999999999999,29
154,236,Au-Delà De Mes Limites,Rohff,7,7vry2oUH8ftSBe2lj7PstE,Génération Mac Gyver: La Débrouille (avec Ikbal Vockal et Alain 2 l'ombre),spotify:track:7vry2oUH8ftSBe2lj7PstE,0.081,0.625,0.878,0.0,0.065,-3.591,0.42700000000000005,95.084,0.915,22
155,237,Au-Delà De Mes Limites,Rohff,8,5AewanXtizGQ7Dbs8CazIG,La Hass - Version 2,spotify:track:5AewanXtizGQ7Dbs8CazIG,0.0481,0.708,0.86,0.0,0.34700000000000003,-3.355,0.20600000000000002,92.037,0.563,27
156,238,Au-Delà De Mes Limites,Rohff,9,5eHFgsAA9OYZlbMJNohhNT,Premier sur le ghetto,spotify:track:5eHFgsAA9OYZlbMJNohhNT,0.000597,0.856,0.546,0.0,0.10400000000000001,-5.272,0.16399999999999998,169.92700000000002,0.514,20
157,239,Au-Delà De Mes Limites,Rohff,10,0vgA8vSWx1pVWWJ39pRVmo,"Bol d'air (avec Vitaa , Jasmin Lopez)",spotify:track:0vgA8vSWx1pVWWJ39pRVmo,0.10400000000000001,0.5589999999999999,0.813,0.0,0.0515,-3.688,0.282,98.038,0.413,27
158,240,Au-Delà De Mes Limites,Rohff,11,2FeOlteVoJ9UCWm4ygUS4y,Le Pouvoir,spotify:track:2FeOlteVoJ9UCWm4ygUS4y,0.141,0.774,0.907,0.0,0.35600000000000004,-3.408,0.318,80.058,0.525,23
159,241,Au-Delà De Mes Limites,Rohff,12,0fUTkc6IyqyU6Js0VDWNlq,Le Temps passe,spotify:track:0fUTkc6IyqyU6Js0VDWNlq,0.0166,0.894,0.5379999999999999,0.0,0.0834,-7.435,0.25,95.03399999999999,0.316,26
160,242,Au-Delà De Mes Limites,Rohff,13,5KFjrH6dCOhXHiRmg4IRLc,Arrête ta flûte,spotify:track:5KFjrH6dCOhXHiRmg4IRLc,0.00442,0.662,0.8420000000000001,0.0105,0.87,-6.132000000000001,0.273,96.156,0.429,34
161,243,Au-Delà De Mes Limites,Rohff,14,3uGVSbi7TXcfFwshuBbzzh,Starfuckeuze,spotify:track:3uGVSbi7TXcfFwshuBbzzh,0.0458,0.665,0.633,0.0,0.12,-4.74,0.433,96.875,0.752,36
162,244,Au-Delà De Mes Limites,Rohff,15,2ClDbsMBgb1uJrjZo9SpEO,Relation de merde,spotify:track:2ClDbsMBgb1uJrjZo9SpEO,0.0128,0.8320000000000001,0.687,3.2500000000000004e-05,0.10400000000000001,-5.962000000000001,0.12,93.00200000000001,0.40299999999999997,24
163,245,Au-Delà De Mes Limites,Rohff,1,0LfSeYUOjvw8MsDH7dRmu1,Intro,spotify:track:0LfSeYUOjvw8MsDH7dRmu1,0.0983,0.672,0.85,0.0,0.0657,-3.8560000000000003,0.354,92.806,0.8029999999999999,18
164,246,Au-Delà De Mes Limites,Rohff,2,1ZMxJAuvca8txTLOq58qjF,Seul contre tous,spotify:track:1ZMxJAuvca8txTLOq58qjF,0.0215,0.8270000000000001,0.9209999999999999,0.0,0.184,-4.032,0.201,95.991,0.862,33
165,247,Au-Delà De Mes Limites,Rohff,3,2OJGx0NhRS6mxtnV4KknwE,En mode 2,spotify:track:2OJGx0NhRS6mxtnV4KknwE,0.396,0.546,0.9259999999999999,0.0,0.359,-3.0839999999999996,0.409,93.42,0.603,24
166,248,Au-Delà De Mes Limites,Rohff,4,6kpnk1kGHPtedAdbNqsCz9,La Violence,spotify:track:6kpnk1kGHPtedAdbNqsCz9,0.0346,0.6709999999999999,0.9229999999999999,7.21e-06,0.0816,-3.63,0.341,170.021,0.865,22
167,249,Au-Delà De Mes Limites,Rohff,5,67UjLZA6Y2nRdz50s8ezzL,Accepte-moi comme je suis,spotify:track:67UjLZA6Y2nRdz50s8ezzL,0.008,0.6579999999999999,0.762,0.0,0.0723,-6.905,0.242,155.158,0.42200000000000004,20
168,250,Au-Delà De Mes Limites,Rohff,6,257NSQyESXIOkiumyCvbwX,Le Club des métaphores,spotify:track:257NSQyESXIOkiumyCvbwX,0.0462,0.789,0.7909999999999999,0.0,0.314,-4.94,0.341,85.32700000000001,0.731,17
169,251,Au-Delà De Mes Limites,Rohff,7,7dnqKgLtgbYklnEdGtVSOY,Trop dangereux,spotify:track:7dnqKgLtgbYklnEdGtVSOY,0.252,0.805,0.914,0.0176,0.9440000000000001,-3.6830000000000003,0.239,101.999,0.379,24
170,252,Au-Delà De Mes Limites,Rohff,8,4Q2dYJBsg0Z85S7SoutPev,Bonhomme (avec Ikbal Vockal),spotify:track:4Q2dYJBsg0Z85S7SoutPev,0.0368,0.7140000000000001,0.784,0.0,0.209,-4.611000000000001,0.302,98.117,0.42,20
171,253,Au-Delà De Mes Limites,Rohff,9,71IH7FJ0AGhjbuD3vXcl14,J't'ai pas attendu (avec Jam),spotify:track:71IH7FJ0AGhjbuD3vXcl14,0.0135,0.5579999999999999,0.938,0.0,0.863,-3.8939999999999997,0.301,94.662,0.695,18
172,254,Au-Delà De Mes Limites,Rohff,10,4VyVo5BXWbHmA2bbNSAsZ8,Bonne journée,spotify:track:4VyVo5BXWbHmA2bbNSAsZ8,0.107,0.8079999999999999,0.619,0.0,0.40700000000000003,-7.872000000000001,0.41700000000000004,82.704,0.7390000000000001,35
173,255,Au-Delà De Mes Limites,Rohff,11,16tanJ0OqamYiLRRzI5JwC,Toujours,spotify:track:16tanJ0OqamYiLRRzI5JwC,0.17800000000000002,0.59,0.897,0.0,0.368,-3.734,0.41700000000000004,77.6,0.635,19
174,256,Au-Delà De Mes Limites,Rohff,12,3u2O7mUNwXGblY6U79Yjk0,Enculé de ton clash (avec Soundkail),spotify:track:3u2O7mUNwXGblY6U79Yjk0,0.0038799999999999998,0.48700000000000004,0.775,0.0,0.135,-5.4910000000000005,0.327,188.24099999999999,0.47700000000000004,20
175,257,Au-Delà De Mes Limites,Rohff,13,601QXVFJwOS1N4AUwAshwe,Fumer un mec,spotify:track:601QXVFJwOS1N4AUwAshwe,0.0243,0.586,0.818,0.0,0.36,-4.493,0.307,86.589,0.16,22
176,258,Au-Delà De Mes Limites,Rohff,14,6W1MYXhhqO5IuIovuXp7Na,Regretté,spotify:track:6W1MYXhhqO5IuIovuXp7Na,0.184,0.7,0.95,0.0,0.292,-4.6419999999999995,0.39299999999999996,89.09200000000001,0.0852,43
177,259,Au-Delà De Mes Limites,Rohff,1,15IKPYhUCnAJTJXnyhIPN1,Dirty Hous' (Classic),spotify:track:15IKPYhUCnAJTJXnyhIPN1,0.07400000000000001,0.6759999999999999,0.903,0.0,0.27399999999999997,-1.979,0.377,160.012,0.59,27
178,260,Au-Delà De Mes Limites,Rohff,2,2VKtJubg6sobA8IH9QUrQn,La Puissance - Classic,spotify:track:2VKtJubg6sobA8IH9QUrQn,0.228,0.7490000000000001,0.912,0.0,0.348,-1.2409999999999999,0.121,95.02600000000001,0.503,22
179,261,Au-Delà De Mes Limites,Rohff,3,213x0wNOLvl6vmvyzq9k5w,Avec ou sans - Classic,spotify:track:213x0wNOLvl6vmvyzq9k5w,0.0524,0.851,0.773,0.0,0.099,-4.957,0.242,92.95200000000001,0.634,16
180,262,Au-Delà De Mes Limites,Rohff,4,7pHY2R0SBIZW82O8ahf7Tx,Tout se paye - Classic,spotify:track:7pHY2R0SBIZW82O8ahf7Tx,0.0619,0.696,0.7959999999999999,0.0,0.10800000000000001,-3.755,0.35600000000000004,193.88299999999998,0.614,16
181,263,Au-Delà De Mes Limites,Rohff,5,7fCLYeiUCWkKJ9toaSGidO,Bonne Journée - Classic,spotify:track:7fCLYeiUCWkKJ9toaSGidO,0.0302,0.7120000000000001,0.815,0.0,0.281,-5.8629999999999995,0.39799999999999996,166.482,0.603,22
182,264,Au-Delà De Mes Limites,Rohff,6,3M5dZcrvs445pPcoO8XSXb,Arrête ta flûte - Classic,spotify:track:3M5dZcrvs445pPcoO8XSXb,0.00496,0.67,0.907,0.0855,0.29,-3.885,0.17800000000000002,96.15899999999999,0.473,22
183,265,Au-Delà De Mes Limites,Rohff,7,6h8oxo6W4htTX84KkuMsIP,La Hass - Classic,spotify:track:6h8oxo6W4htTX84KkuMsIP,0.0568,0.7709999999999999,0.87,0.0,0.295,-3.574,0.317,92.038,0.664,20
184,266,Au-Delà De Mes Limites,Rohff,8,24cq2f5irW5UYbHF8yO7Gr,La Violence - Classic,spotify:track:24cq2f5irW5UYbHF8yO7Gr,0.0261,0.696,0.917,1.3800000000000002e-05,0.11199999999999999,-3.637,0.33,169.842,0.87,18
185,267,Au-Delà De Mes Limites,Rohff,9,5jKMFpyH036hoj9ghKU7ys,Résurrection - Banlieue South Remix - Classic,spotify:track:5jKMFpyH036hoj9ghKU7ys,0.0614,0.812,0.772,2.2e-06,0.47600000000000003,-4.177,0.28,97.04899999999999,0.6779999999999999,19
186,268,Au-Delà De Mes Limites,Rohff,10,6E6ZHJBNlfJUpt6AWrIhbs,J'espère que - Classic,spotify:track:6E6ZHJBNlfJUpt6AWrIhbs,0.0042899999999999995,0.623,0.903,0.0025800000000000003,0.0796,-1.804,0.0576,88.87,0.251,17
187,269,Au-Delà De Mes Limites,Rohff,11,3XaIotomnEhcYQ5n80qUX1,En mode 1 - Classic,spotify:track:3XaIotomnEhcYQ5n80qUX1,0.154,0.767,0.9129999999999999,0.0,0.0572,-1.439,0.38799999999999996,95.162,0.521,26
188,270,Au-Delà De Mes Limites,Rohff,12,3OVp2HI2ONa2HlqEyoPdUw,En mode 2 (Classic),spotify:track:3OVp2HI2ONa2HlqEyoPdUw,0.475,0.738,0.9329999999999999,0.0,0.382,-2.855,0.317,93.348,0.836,19
189,271,Au-Delà De Mes Limites,Rohff,13,70xiJad1USXB7gGLYvxQVM,Le Pouvoir - Classic,spotify:track:70xiJad1USXB7gGLYvxQVM,0.14300000000000002,0.7809999999999999,0.915,0.0,0.249,-3.424,0.315,80.02600000000001,0.46799999999999997,17
190,272,Au-Delà De Mes Limites,Rohff,14,5RNrQZWHEzHLx8FckIMjbX,Le Temps passe - Classic,spotify:track:5RNrQZWHEzHLx8FckIMjbX,0.0178,0.892,0.601,0.0,0.0984,-5.77,0.247,95.021,0.344,19
191,273,Au-Delà De Mes Limites,Rohff,15,7hs3PXM28Y1yP06ft7t0YL,StarF,spotify:track:7hs3PXM28Y1yP06ft7t0YL,0.16,0.56,0.91,0.0,0.0966,-0.064,0.354,96.95100000000001,0.306,21
192,274,Au-Delà De Mes Limites,Rohff,16,6EjXRbUyS4PSKVcwo0zUO9,Dis mon nom (avec Jasmin Lopez) (Classic),spotify:track:6EjXRbUyS4PSKVcwo0zUO9,0.007790000000000001,0.6559999999999999,0.764,0.0,0.17600000000000002,-5.777,0.301,99.211,0.687,21
193,275,Au-Delà De Mes Limites,Rohff,17,2NIrpOwrUzdPW7HqQHsuhA,Trop dangereux - Classic,spotify:track:2NIrpOwrUzdPW7HqQHsuhA,0.114,0.795,0.884,5.85e-06,0.8590000000000001,-3.557,0.316,102.035,0.37799999999999995,21
194,276,Au-Delà De Mes Limites,Rohff,18,6LzZoixTmgRiue9oTPZGbl,Seul contre tous - Classic,spotify:track:6LzZoixTmgRiue9oTPZGbl,0.0228,0.826,0.9259999999999999,0.0,0.17,-3.513,0.209,95.964,0.8240000000000001,20
195,277,Au-Delà De Mes Limites,Rohff,19,63jncurtEJeU624U1NH9IX,Regretté - Classic,spotify:track:63jncurtEJeU624U1NH9IX,0.16399999999999998,0.69,0.867,0.0,0.10400000000000001,-4.145,0.32299999999999995,88.947,0.355,25
196,278,la fierte des notres,Rohff,1,0h8gbylMOXlZtZKtbToqkF,Intro - La Fierté des nôtres,spotify:track:0h8gbylMOXlZtZKtbToqkF,0.349,0.848,0.82,0.0,0.61,-3.847,0.366,93.06,0.8,38
197,279,la fierte des notres,Rohff,2,6WjybMyrFoXfh3fRInz9pc,Nouveau rap,spotify:track:6WjybMyrFoXfh3fRInz9pc,0.114,0.746,0.867,0.0,0.17800000000000002,-3.9989999999999997,0.239,105.905,0.851,26
198,280,la fierte des notres,Rohff,3,6nrErzEfiqR0iTRrv1QNGf,Le Milieu,spotify:track:6nrErzEfiqR0iTRrv1QNGf,0.24600000000000002,0.655,0.93,0.0,0.33399999999999996,-4.789,0.33,94.29,0.61,27
199,281,la fierte des notres,Rohff,4,2WjWjrmK0FI7YdryOjkVmm,La Vie continue (Avec Judy),spotify:track:2WjWjrmK0FI7YdryOjkVmm,0.501,0.807,0.746,0.0,0.425,-4.553999999999999,0.348,95.02600000000001,0.7490000000000001,33
200,282,la fierte des notres,Rohff,5,2jiz5AQA57VwNOJ4bVq7v4,Ça fait plaisir (Avec Intouchable),spotify:track:2jiz5AQA57VwNOJ4bVq7v4,0.209,0.535,0.805,0.0,0.381,-4.609,0.37799999999999995,141.076,0.74,38
201,283,la fierte des notres,Rohff,6,6sJzxoYc8w3nGPHxUa5oiR,Dur d'être peace (avec Janice),spotify:track:6sJzxoYc8w3nGPHxUa5oiR,0.0996,0.794,0.725,0.0,0.276,-3.155,0.23199999999999998,98.008,0.451,24
202,284,la fierte des notres,Rohff,7,63YzmIZ9swmtBKWj6R6ASq,Pleure pas,spotify:track:63YzmIZ9swmtBKWj6R6ASq,0.156,0.7190000000000001,0.941,0.0,0.863,-2.394,0.28600000000000003,96.34299999999999,0.552,34
203,285,la fierte des notres,Rohff,8,5sOwiHqFralAhNDB3cSNP3,Pétrole (avec Kayna Samet),spotify:track:5sOwiHqFralAhNDB3cSNP3,0.252,0.743,0.9279999999999999,0.0,0.0265,-2.841,0.218,97.016,0.7090000000000001,29
204,286,la fierte des notres,Rohff,9,2bzGvn49c3jHUeezGoBcAC,Trop d'énergie (Avec Mohamed Lamine),spotify:track:2bzGvn49c3jHUeezGoBcAC,0.19399999999999998,0.862,0.951,0.0,0.395,-3.485,0.285,120.006,0.7120000000000001,23
205,287,la fierte des notres,Rohff,10,54t3pWACAnnSVXgJdrK4Na,Message à la racaille,spotify:track:54t3pWACAnnSVXgJdrK4Na,0.212,0.507,0.866,0.0,0.0566,-4.1339999999999995,0.466,159.248,0.36200000000000004,34
206,288,la fierte des notres,Rohff,11,6CM9hZh6CT82fFsMgkrqwo,Le Coeur d'un homme,spotify:track:6CM9hZh6CT82fFsMgkrqwo,0.085,0.6759999999999999,0.8,0.0,0.21899999999999997,-2.542,0.23199999999999998,91.921,0.5760000000000001,27
207,289,la fierte des notres,Rohff,12,7DXkVTGpBoEKIIpZg6c76R,Souvenirs,spotify:track:7DXkVTGpBoEKIIpZg6c76R,0.18899999999999997,0.7929999999999999,0.795,0.0,0.0565,-3.194,0.196,89.712,0.6629999999999999,26
208,290,la fierte des notres,Rohff,13,5ELpgmEVGQwigF2WNBDMvd,Charisme (avec Wallen),spotify:track:5ELpgmEVGQwigF2WNBDMvd,0.387,0.86,0.665,0.0,0.0467,-2.622,0.12,92.979,0.825,40
209,291,la fierte des notres,Rohff,14,3ee6eXqZqJo3DJEiBr1SHs,Le Son qui tue,spotify:track:3ee6eXqZqJo3DJEiBr1SHs,0.23800000000000002,0.659,0.8340000000000001,0.0,0.0847,-4.428,0.17,91.51700000000001,0.757,53
210,292,la fierte des notres,Rohff,15,3Sqa2XMJ1TXvDLWYZzFowe,Le Son de la Hagra (avec Expression Direkt),spotify:track:3Sqa2XMJ1TXvDLWYZzFowe,0.0786,0.605,0.9159999999999999,0.0,0.0911,-3.7739999999999996,0.34299999999999997,92.916,0.43700000000000006,26
211,293,la fierte des notres,Rohff,16,7E9C5yI3hRPUyPGs34pkgO,Mal aimé (avec Kery James),spotify:track:7E9C5yI3hRPUyPGs34pkgO,0.0792,0.7,0.764,0.0,0.0812,-3.321,0.22399999999999998,91.963,0.905,23
212,294,la fierte des notres,Rohff,17,0bYapHrpoHx9TEMXYAT4lJ,Fils à pap,spotify:track:0bYapHrpoHx9TEMXYAT4lJ,0.17600000000000002,0.643,0.851,0.0,0.335,-4.183,0.359,97.038,0.44299999999999995,25
213,295,la fierte des notres,Rohff,18,6kQRAhUS5oWA3uC40aFqGA,T'es pas comme moi,spotify:track:6kQRAhUS5oWA3uC40aFqGA,0.0918,0.6890000000000001,0.88,0.0,0.0375,-4.97,0.25,96.08,0.708,23
214,296,la fierte des notres,Rohff,19,1Kg7bbXG7XAn5BOaQ6rymP,Bling bling (avec Admiral T),spotify:track:1Kg7bbXG7XAn5BOaQ6rymP,0.5479999999999999,0.516,0.934,0.0,0.51,-4.239,0.282,92.744,0.894,21
215,297,la fierte des notres,Rohff,20,4JoR9Lg7qs8rRnSsTCoNZH,Apparences trompeuses,spotify:track:4JoR9Lg7qs8rRnSsTCoNZH,0.624,0.8290000000000001,0.855,0.0,0.163,-3.714,0.29100000000000004,97.044,0.68,29
216,298,la fierte des notres,Rohff,21,3q6dzb7l2zJdZCtLi7MvW1,Sincère,spotify:track:3q6dzb7l2zJdZCtLi7MvW1,0.634,0.745,0.932,0.0,0.13699999999999998,-2.191,0.218,91.01299999999999,0.665,38
217,299,la fierte des notres,Rohff,22,2OrIDBPn8FfLT3bcbFRnfd,Toujours ton enfant,spotify:track:2OrIDBPn8FfLT3bcbFRnfd,0.158,0.435,0.738,0.0,0.0575,-4.579,0.359,87.39399999999999,0.45,25
218,300,la fierte des notres,Rohff,23,2MZ0V9Q7WrxMECsfCTIVzZ,Fiston (avec J Mi Sissoko),spotify:track:2MZ0V9Q7WrxMECsfCTIVzZ,0.138,0.6829999999999999,0.7959999999999999,0.0,0.429,-3.384,0.17800000000000002,92.991,0.5870000000000001,24
219,301,la fierte des notres,Rohff,24,5v7fzzmifdWb4KMjTf8rpW,Pervertie,spotify:track:5v7fzzmifdWb4KMjTf8rpW,0.10300000000000001,0.523,0.894,0.0,0.318,-2.763,0.332,88.185,0.67,22
220,302,la fierte des notres,Rohff,25,189PEEw80uzkxw8LJmhe2B,Bollywood Style,spotify:track:189PEEw80uzkxw8LJmhe2B,0.552,0.63,0.9520000000000001,0.0,0.106,-3.332,0.34,97.988,0.508,23
221,303,la fierte des notres,Rohff,26,6yzYSoitO8fxM7g12xBJYD,Zone internationale (avec Roldan G. Rivero (Orishas)),spotify:track:6yzYSoitO8fxM7g12xBJYD,0.0856,0.737,0.9229999999999999,1.84e-05,0.19899999999999998,-2.119,0.253,90.949,0.5760000000000001,38
222,304,la fierte des notres,Rohff,27,0jOM5TkaK909HbCAUNFwON,94,spotify:track:0jOM5TkaK909HbCAUNFwON,0.0241,0.804,0.767,4.05e-06,0.0793,-4.433,0.315,91.99600000000001,0.608,44
223,305,la fierte des notres,Rohff,28,4YcWzmnKio1I6GLnk1NUIy,Le Mot d'ordre,spotify:track:4YcWzmnKio1I6GLnk1NUIy,0.0345,0.47,0.895,0.0,0.49200000000000005,-2.8739999999999997,0.359,90.339,0.706,25
224,306,la fierte des notres,Rohff,29,0bRnRXOgseywT31chcrKPg,Code 187,spotify:track:0bRnRXOgseywT31chcrKPg,0.27699999999999997,0.9059999999999999,0.863,0.0,0.0989,-4.212,0.201,93.795,0.649,31
225,307,la fierte des notres,Rohff,30,26bJGVOdB282tokzDqANQ3,Outro - J'rappe mieux que toi,spotify:track:26bJGVOdB282tokzDqANQ3,0.21600000000000003,0.647,0.914,0.0,0.0612,-3.575,0.515,91.72,0.16699999999999998,29
226,308,La vie avant la mort,Rohff,1,7aN7gAS5aT9DxVIbNAqzzD,L'Introhff,spotify:track:7aN7gAS5aT9DxVIbNAqzzD,0.000343,0.6409999999999999,0.601,0.0473,0.449,-6.311,0.04,93.96600000000001,0.201,18
227,309,La vie avant la mort,Rohff,2,05AUDE02xyVbMKIjZGYQkW,Rohff,spotify:track:05AUDE02xyVbMKIjZGYQkW,0.19899999999999998,0.579,0.853,0.0,0.0527,-3.622,0.49,199.827,0.616,27
228,310,La vie avant la mort,Rohff,3,0St5h5BjGi3mZMzIf4jJ76,Tdsi,spotify:track:0St5h5BjGi3mZMzIf4jJ76,0.252,0.877,0.883,0.0,0.0863,-5.136,0.275,107.061,0.674,41
229,311,La vie avant la mort,Rohff,4,3q3IZlmJxdGsPRHFEPBm4x,Sensation brave,spotify:track:3q3IZlmJxdGsPRHFEPBm4x,0.0137,0.6990000000000001,0.8540000000000001,0.0023,0.0428,-5.01,0.322,92.95,0.669,35
230,312,La vie avant la mort,Rohff,5,5oMEos1SCd0DcWJ5tIlW3x,"Miroir, miroir",spotify:track:5oMEos1SCd0DcWJ5tIlW3x,0.0282,0.7609999999999999,0.782,2.6300000000000002e-05,0.171,-7.086,0.308,101.934,0.45799999999999996,26
231,313,La vie avant la mort,Rohff,6,5O74nmL2lXxzmD4Pndai5w,Rap info,spotify:track:5O74nmL2lXxzmD4Pndai5w,0.00979,0.747,0.846,1.11e-06,0.332,-4.428999999999999,0.297,95.006,0.337,22
232,314,La vie avant la mort,Rohff,7,77pB3BxEgaSZIbJ4uQflS8,Qui est l'exemple ?,spotify:track:77pB3BxEgaSZIbJ4uQflS8,0.0147,0.968,0.6890000000000001,0.0,0.386,-5.18,0.153,110.042,0.74,54
233,315,La vie avant la mort,Rohff,8,4fHmNgAfh3j3ajstjU8o9T,Creuset 2 voyous,spotify:track:4fHmNgAfh3j3ajstjU8o9T,0.0539,0.795,0.8140000000000001,1.44e-06,0.299,-6.225,0.34,90.887,0.802,23
234,316,La vie avant la mort,Rohff,9,3jdiyQKSzdQcHQbqw23SeS,Parfois... des fois....,spotify:track:3jdiyQKSzdQcHQbqw23SeS,0.00933,0.6509999999999999,0.78,0.00018700000000000002,0.05,-1.3719999999999999,0.136,95.105,0.6559999999999999,26
235,317,La vie avant la mort,Rohff,10,2nUfoetNXXGAjOqctatuA1,V,spotify:track:2nUfoetNXXGAjOqctatuA1,0.0607,0.726,0.8690000000000001,0.00011599999999999999,0.0533,-5.079,0.33,94.82700000000001,0.703,20
236,318,La vie avant la mort,Rohff,11,7gE3NCwdIIPvoebGKo6H9G,Le Même quartier,spotify:track:7gE3NCwdIIPvoebGKo6H9G,0.43700000000000006,0.797,0.677,0.0,0.254,-7.48,0.256,91.398,0.618,21
237,319,La vie avant la mort,Rohff,12,6UbSayyC32Pp3yPsky5STU,"5, 9, 1",spotify:track:6UbSayyC32Pp3yPsky5STU,0.0025,0.866,0.64,1.12e-06,0.0321,-6.178999999999999,0.185,97.054,0.792,33
238,320,La vie avant la mort,Rohff,13,5dxp8dXWCgsomWK2PYpyje,Ssem,spotify:track:5dxp8dXWCgsomWK2PYpyje,0.0464,0.512,0.8029999999999999,1.77e-05,0.19399999999999998,-6.457000000000001,0.485,94.40100000000001,0.5579999999999999,21
239,321,La vie avant la mort,Rohff,14,3isenf4tzAykEi2eMjZ1zH,Jeu 2 la mort,spotify:track:3isenf4tzAykEi2eMjZ1zH,0.0146,0.613,0.9420000000000001,0.0,0.146,-2.193,0.301,95.79899999999999,0.522,16
240,322,La vie avant la mort,Rohff,15,77I1kvxGILZEZ8eRe5gHRh,Le Bitume chante,spotify:track:77I1kvxGILZEZ8eRe5gHRh,0.151,0.737,0.784,0.0,0.0853,-4.706,0.33299999999999996,95.064,0.774,24
241,323,La vie avant la mort,Rohff,16,38zp8gqajtRmckuOqQUwA8,Darwah,spotify:track:38zp8gqajtRmckuOqQUwA8,0.158,0.597,0.932,1.11e-05,0.376,-5.011,0.44,95.61200000000001,0.111,25
242,324,La vie avant la mort,Rohff,17,7EF3o2jld2CLdCqkznrYQG,Interlude Chinoise,spotify:track:7EF3o2jld2CLdCqkznrYQG,0.262,0.853,0.682,0.0102,0.294,-6.24,0.384,94.152,0.821,17
243,334,La vie avant la mort,Rohff,10,4Y1hcCv6dWYsWUbmFqIdh4,Get down samedi soir,spotify:track:4Y1hcCv6dWYsWUbmFqIdh4,0.26,0.895,0.898,3.75e-06,0.146,-5.581,0.19,117.02600000000001,0.8190000000000001,24
